Actual_MW,Predicted_MW,Forecast_Error_MW,Anomaly
23710.0,23627.816,82.18359,0
25718.0,25717.379,0.62109375,0
27213.0,27222.55,9.550781,0
28267.0,28224.074,42.92578,0
28845.0,28848.154,3.1542969,0
29061.0,29072.389,11.388672,0
29329.0,29119.588,209.41211,0
29576.0,29515.916,60.083984,0
29926.0,29826.713,99.28711,0
30384.0,30038.58,345.41992,0
30328.0,30052.434,275.5664,0
29944.0,29634.893,309.10742,0
30358.0,29899.69,458.31055,0
30961.0,30706.86,254.14062,0
29177.0,29101.291,75.708984,0
26590.0,26767.717,177.7168,0
24371.0,24359.248,11.751953,0
23054.0,23114.97,60.970703,0
22322.0,22337.3,15.300781,0
22122.0,21943.916,178.08398,0
22387.0,22311.57,75.42969,0
23702.0,23559.047,142.95312,0
26620.0,26057.234,562.7656,0
30130.0,30018.852,111.14844,0
32315.0,32456.594,141.59375,0
34143.0,33804.582,338.41797,0
35710.0,35669.242,40.757812,0
36771.0,36767.98,3.0195312,0
37442.0,37587.902,145.90234,0
38125.0,38165.12,40.121094,0
38713.0,38672.664,40.335938,0
39141.0,39095.414,45.585938,0
39406.0,39315.883,90.11719,0
39133.0,39138.953,5.953125,0
38113.0,38054.6,58.398438,0
37280.0,36975.39,304.60938,0
37357.0,37151.746,205.2539,0
37476.0,37393.8,82.19922,0
34581.0,34916.805,335.8047,0
30864.0,31247.48,383.48047,0
28083.0,27825.697,257.30273,0
26556.0,26362.166,193.83398,0
25464.0,25559.48,95.48047,0
24844.0,24747.463,96.53711,0
24824.0,24763.336,60.664062,0
26008.0,25924.459,83.541016,0
28990.0,28411.36,578.6406,0
32354.0,32472.121,118.12109,0
34684.0,34608.91,75.08984,0
36603.0,36357.254,245.7461,0
38263.0,38316.367,53.367188,0
39492.0,39445.227,46.773438,0
40402.0,40512.44,110.44141,0
41298.0,41303.926,5.9257812,0
42266.0,41976.684,289.3164,0
42985.0,42809.277,175.72266,0
43512.0,43218.9,293.10156,0
43320.0,43311.582,8.417969,0
42225.0,42261.836,36.835938,0
40823.0,40801.215,21.785156,0
40675.0,40250.145,424.85547,0
40031.0,40749.82,718.8203,0
36772.0,37357.164,585.16406,0
33119.0,33119.938,0.9375,0
30150.0,29883.908,266.0918,0
28621.0,28218.684,402.3164,0
27401.0,27468.168,67.16797,0
26570.0,26497.533,72.4668,0
26502.0,26314.611,187.38867,0
27668.0,27592.785,75.21484,0
30643.0,30102.033,540.9668,0
34392.0,34173.562,218.4375,0
36996.0,36917.07,78.92969,0
39126.0,38875.45,250.55078,0
41222.0,40998.438,223.5625,0
42839.0,42637.22,201.78125,0
43855.0,44033.695,178.69531,0
44834.0,44740.99,93.01172,0
45827.0,45434.41,392.58984,0
46438.0,46227.953,210.04688,0
46937.0,46508.047,428.95312,0
46663.0,46706.406,43.40625,0
45416.0,45633.41,217.41016,0
43834.0,43767.273,66.72656,0
43064.0,42984.684,79.31641,0
42599.0,42991.062,392.0625,0
39090.0,40070.727,980.72656,1
35104.0,35176.242,72.24219,0
31839.0,31656.156,182.84375,0
29922.0,29687.021,234.97852,0
28578.0,28579.156,1.15625,0
27807.0,27577.867,229.13281,0
27827.0,27525.303,301.69727,0
29136.0,28977.361,158.63867,0
31828.0,31735.193,92.80664,0
35061.0,35141.555,80.55469,0
36950.0,37264.52,314.51953,0
38278.0,38433.242,155.24219,0
39628.0,39596.38,31.621094,0
40682.0,40576.27,105.73047,0
41719.0,41522.727,196.27344,0
42964.0,42555.83,408.17188,0
44132.0,43703.555,428.4453,0
45200.0,44661.484,538.5156,0
45682.0,45484.895,197.10547,0
45515.0,45402.777,112.22266,0
44342.0,44457.773,115.77344,0
42730.0,42710.77,19.230469,0
41733.0,41873.34,140.33984,0
41405.0,41577.492,172.49219,0
38316.0,38848.145,532.14453,0
34426.0,34638.89,212.89062,0
31259.0,31111.457,147.54297,0
29637.0,29159.44,477.56055,0
28533.0,28388.459,144.54102,0
27606.0,27622.098,16.097656,0
27783.0,27247.643,535.3574,0
29013.0,29069.455,56.45508,0
31766.0,31558.947,207.05273,0
35000.0,35062.23,62.23047,0
37030.0,37208.89,178.89062,0
38440.0,38549.11,109.109375,0
39817.0,39782.477,34.523438,0
41047.0,40739.168,307.83203,0
42101.0,41924.816,176.1836,0
43171.0,42920.11,250.89062,0
43724.0,43791.04,67.03906,0
43949.0,43925.855,23.144531,0
43939.0,43746.44,192.5586,0
43263.0,43242.863,20.136719,0
41847.0,41829.812,17.1875,0
40253.0,40193.06,59.941406,0
39324.0,39424.082,100.08203,0
39304.0,39085.266,218.73438,0
36886.0,36829.41,56.589844,0
33817.0,33649.758,167.24219,0
31044.0,30764.605,279.39453,0
29117.0,28851.564,265.43555,0
27835.0,27603.168,231.83203,0
26956.0,26844.24,111.759766,0
26606.0,26383.062,222.9375,0
26824.0,26494.8,329.19922,0
27332.0,27496.201,164.20117,0
29283.0,29298.0,15.0,0
31917.0,32094.729,177.72852,0
34427.0,34113.58,313.42188,0
35912.0,36197.58,285.57812,0
36626.0,36934.24,308.23828,0
37043.0,36863.344,179.65625,0
36905.0,37027.71,122.71094,0
36595.0,36701.652,106.65234,0
36212.0,36317.418,105.41797,0
35784.0,35807.67,23.671875,0
35324.0,35066.203,257.79688,0
34767.0,34226.965,540.03516,0
34245.0,33869.41,375.58984,0
34511.0,34063.453,447.54688,0
34522.0,34606.344,84.34375,0
32780.0,32483.318,296.68164,0
30256.0,30243.104,12.896484,0
28092.0,27724.775,367.2246,0
26514.0,26275.355,238.64453,0
25415.0,25231.809,183.1914,0
24346.0,24512.336,166.33594,0
23864.0,23700.043,163.95703,0
23423.0,23579.24,156.24023,0
23239.0,23484.375,245.375,0
24390.0,24343.62,46.38086,0
26584.0,26610.465,26.464844,0
28490.0,28663.514,173.51367,0
30079.0,30120.988,41.98828,0
30945.0,31237.992,292.9922,0
31352.0,31452.611,100.61133,0
31749.0,31444.33,304.66992,0
32101.0,31865.531,235.46875,0
32745.0,32331.629,413.3711,0
33744.0,33159.23,584.76953,0
34389.0,34083.574,305.42578,0
34366.0,33981.35,384.64844,0
33649.0,33545.582,103.41797,0
33407.0,33328.266,78.734375,0
34349.0,33751.953,597.0469,0
32732.0,32581.055,150.94531,0
29670.0,30209.424,539.4238,0
27053.0,27138.021,85.021484,0
25251.0,25551.373,300.37305,0
24264.0,24299.219,35.21875,0
23710.0,23698.686,11.314453,0
23851.0,23724.92,126.08008,0
24854.0,24949.035,95.03516,0
27407.0,27034.453,372.54688,0
31134.0,30799.914,334.08594,0
33878.0,33918.684,40.683594,0
35729.0,35752.504,23.503906,0
37337.0,37425.176,88.17578,0
38466.0,38520.066,54.066406,0
39313.0,39347.465,34.464844,0
40185.0,40140.473,44.527344,0
40992.0,40859.16,132.83984,0
41689.0,41485.01,203.98828,0
42316.0,41953.645,362.35547,0
42329.0,42195.61,133.39062,0
41547.0,41407.02,139.98047,0
39821.0,40330.312,509.3125,0
38664.0,39158.055,494.0547,0
38480.0,38630.35,150.35156,0
35372.0,36094.67,722.6719,0
31801.0,31766.033,34.966797,0
28725.0,28620.98,104.01953,0
26638.0,26838.375,200.375,0
25485.0,25413.42,71.58008,0
24719.0,24679.797,39.203125,0
24778.0,24514.229,263.77148,0
26049.0,25847.945,201.05469,0
28608.0,28440.23,167.76953,0
32392.0,31848.107,543.8926,0
35480.0,35032.99,447.01172,0
37770.0,37610.473,159.52734,0
39850.0,39754.152,95.84766,0
41529.0,41336.4,192.60156,0
42658.0,42800.12,142.1211,0
43917.0,43683.953,233.04688,0
44791.0,44735.793,55.20703,0
45511.0,45240.344,270.65625,0
46165.0,45703.02,461.98047,0
46128.0,46028.883,99.11719,0
44782.0,45231.68,449.6797,0
42894.0,43122.723,228.72266,0
41775.0,42019.35,244.35156,0
41396.0,41715.6,319.60156,0
37564.0,38945.29,1381.2891,1
33660.0,33546.688,113.3125,0
30336.0,30220.385,115.615234,0
28454.0,28263.59,190.41016,0
27110.0,27161.053,51.052734,0
26411.0,26128.49,282.50977,0
26298.0,26184.688,113.3125,0
27481.0,27311.303,169.69727,0
29978.0,29895.584,82.416016,0
33698.0,33202.72,495.28125,0
36732.0,36270.996,461.0039,0
39293.0,38872.367,420.6328,0
41554.0,41395.12,158.8789,0
43506.0,43112.7,393.30078,0
45219.0,44810.33,408.67188,0
47012.0,46316.48,695.51953,0
47399.0,47828.934,429.9336,0
48042.0,47544.25,497.75,0
48410.0,48121.582,288.41797,0
47728.0,48111.242,383.2422,0
46289.0,46553.355,264.35547,0
43677.0,44530.19,853.1914,0
42039.0,42413.625,374.625,0
40800.0,41870.434,1070.4336,1
37511.0,38141.645,630.64453,0
33842.0,33558.17,283.82812,0
30894.0,30517.307,376.69336,0
28748.0,28833.117,85.11719,0
27538.0,27338.303,199.69727,0
26756.0,26583.135,172.86523,0
26737.0,26460.082,276.91797,0
27821.0,27830.342,9.341797,0
30475.0,30166.477,308.52344,0
33895.0,33746.332,148.66797,0
35973.0,36230.117,257.1172,0
37892.0,37548.105,343.89453,0
39632.0,39519.8,112.19922,0
40819.0,40850.27,31.269531,0
40969.0,41767.312,798.3125,0
42254.0,41436.32,817.6797,0
42712.0,42947.93,235.92969,0
42718.0,42940.18,222.17969,0
42287.0,42515.92,228.92188,0
41466.0,41357.188,108.8125,0
40039.0,39907.164,131.83594,0
38597.0,38538.637,58.36328,0
38216.0,37961.18,254.82031,0
37961.0,38120.824,159.82422,0
35202.0,35421.04,219.03906,0
31964.0,31904.768,59.23242,0
29400.0,28988.402,411.59766,0
27715.0,27615.883,99.11719,0
26812.0,26557.451,254.54883,0
26152.0,26061.887,90.11328,0
26328.0,25981.188,346.8125,0
27534.0,27633.613,99.61328,0
29974.0,29999.445,25.445312,0
33472.0,32972.254,499.7461,0
36132.0,35812.926,319.07422,0
37957.0,38005.844,48.84375,0
39702.0,39541.863,160.13672,0
41055.0,40836.61,218.39062,0
41849.0,42028.203,179.20312,0
42723.0,42575.77,147.23047,0
43193.0,43261.37,68.37109,0
43186.0,43361.883,175.88281,0
42857.0,42882.29,25.289062,0
41970.0,41963.746,6.2539062,0
40145.0,40349.95,204.94922,0
38532.0,38300.24,231.76172,0
37459.0,37807.22,348.21875,0
36854.0,37135.734,281.73438,0
34534.0,34287.797,246.20312,0
31566.0,31449.24,116.759766,0
28858.0,28615.621,242.3789,0
27219.0,26782.604,436.39648,0
25992.0,25818.285,173.71484,0
25192.0,25053.021,138.97852,0
25056.0,24664.762,391.23828,0
25332.0,25005.03,326.9707,0
25931.0,25981.234,50.234375,0
27740.0,27906.053,166.05273,0
30327.0,30360.291,33.291016,0
32705.0,32435.752,269.24805,0
34325.0,34436.95,111.94922,0
35417.0,35405.54,11.4609375,0
35887.0,35898.164,11.1640625,0
35641.0,35978.94,337.9414,0
34667.0,35396.492,729.4922,0
33835.0,34055.246,220.2461,0
33398.0,33219.812,178.1875,0
33149.0,32773.62,375.3789,0
32822.0,32331.982,490.01758,0
32229.0,32105.129,123.87109,0
31856.0,31996.473,140.47266,0
32108.0,31967.162,140.83789,0
30458.0,30230.459,227.54102,0
27925.0,28000.795,75.79492,0
25682.0,25508.988,173.01172,0
23884.0,23979.434,95.43359,0
22770.0,22687.223,82.77734,0
21914.0,21965.611,51.61133,0
21576.0,21371.695,204.30469,0
21441.0,21310.203,130.79688,0
21238.0,21562.965,324.96484,0
22653.0,22261.477,391.52344,0
24909.0,24970.205,61.20508,0
26850.0,26963.113,113.11328,0
28526.0,28439.412,86.58789,0
29541.0,29707.635,166.63477,0
30320.0,30156.473,163.52734,0
30860.0,30650.12,209.88086,0
31200.0,31109.402,90.59766,0
31471.0,31466.623,4.376953,0
31905.0,31716.51,188.49023,0
32369.0,31981.348,387.65234,0
32065.0,31975.941,89.05859,0
31447.0,31190.707,256.29297,0
31360.0,31258.91,101.08984,0
32162.0,31731.334,430.66602,0
30489.0,30387.906,101.09375,0
27594.0,28037.797,443.79688,0
25348.0,25187.049,160.95117,0
23814.0,23998.496,184.4961,0
23021.0,22984.137,36.86328,0
22588.0,22559.83,28.169922,0
22859.0,22661.178,197.82227,0
24158.0,24018.123,139.87695,0
26625.0,26485.625,139.375,0
30197.0,29802.623,394.37695,0
32921.0,32795.863,125.13672,0
35058.0,34750.668,307.33203,0
36839.0,36823.258,15.7421875,0
38110.0,38127.4,17.398438,0
38926.0,39081.293,155.29297,0
39782.0,39758.65,23.351562,0
40551.0,40447.18,103.82031,0
40953.0,41029.668,76.66797,0
41254.0,41089.22,164.78125,0
41376.0,40957.1,418.89844,0
40435.0,40507.016,72.015625,0
38953.0,39225.395,272.39453,0
37910.0,38454.297,544.2969,0
37865.0,37879.797,14.796875,0
35100.0,35438.35,338.35156,0
31167.0,31649.98,482.98047,0
28222.0,27968.486,253.51367,0
26381.0,26382.812,1.8125,0
25318.0,25251.668,66.33203,0
24569.0,24554.383,14.6171875,0
24691.0,24382.805,308.1953,0
25746.0,25823.68,77.67969,0
28289.0,27980.096,308.9043,0
31915.0,31539.232,375.76758,0
34900.0,34478.293,421.70703,0
37267.0,36935.992,331.0078,0
39653.0,39274.527,378.47266,0
41174.0,41280.613,106.61328,0
42324.0,42418.75,94.75,0
43265.0,43349.188,84.1875,0
43833.0,43954.664,121.66406,0
44612.0,44163.67,448.32812,0
45134.0,44820.062,313.9375,0
45193.0,44916.47,276.53125,0
44373.0,44338.117,34.882812,0
42755.0,42979.766,224.76562,0
41478.0,41943.96,465.96094,0
41367.0,41364.727,2.2734375,0
38273.0,39045.703,772.7031,0
34168.0,34459.64,291.64062,0
30934.0,30706.545,227.45508,0
28791.0,28847.914,56.914062,0
27561.0,27447.809,113.19141,0
26728.0,26629.566,98.43359,0
26532.0,26435.004,96.99609,0
27721.0,27492.312,228.6875,0
30259.0,30167.36,91.640625,0
34195.0,33548.9,646.10156,0
37538.0,36909.867,628.1328,0
40115.0,39846.85,268.14844,0
42695.0,42261.496,433.5039,0
44435.0,44353.875,81.125,0
45459.0,45618.758,159.75781,0
46686.0,46252.85,433.14844,0
47561.0,47293.484,267.51562,0
48339.0,47840.086,498.91406,0
48881.0,48462.434,418.5664,0
48758.0,48708.605,49.39453,0
47667.0,47832.977,165.97656,0
46005.0,45988.832,16.167969,0
44925.0,44957.89,32.890625,0
44417.0,44788.316,371.3164,0
41024.0,42101.25,1077.25,1
36924.0,36952.344,28.34375,0
33575.0,33341.41,233.58984,0
31535.0,31254.408,280.5918,0
30067.0,30088.977,21.976562,0
29150.0,28998.363,151.63672,0
28991.0,28763.137,227.86328,0
29989.0,29999.93,10.9296875,0
32549.0,32411.656,137.34375,0
36261.0,35917.047,343.95312,0
39589.0,38814.875,774.125,0
42162.0,41800.11,361.89062,0
44664.0,44234.33,429.67188,0
46402.0,46122.75,279.25,0
47730.0,47345.547,384.45312,0
48833.0,48364.805,468.1953,0
49539.0,49173.125,365.875,0
49843.0,49624.695,218.30469,0
50157.0,49720.945,436.0547,0
49840.0,49831.86,8.140625,0
48773.0,48827.383,54.382812,0
47082.0,47145.03,63.03125,0
45858.0,45962.348,104.34766,0
45261.0,45588.04,327.03906,0
41822.0,42972.832,1150.832,1
37482.0,37741.484,259.48438,0
34165.0,33835.223,329.77734,0
32066.0,31797.191,268.8086,0
30633.0,30593.898,39.101562,0
29479.0,29588.611,109.61133,0
29384.0,28989.836,394.16406,0
30387.0,30457.695,70.69531,0
32628.0,32876.105,248.10547,0
36203.0,35722.72,480.28125,0
39302.0,38639.117,662.8828,0
41868.0,41369.72,498.28125,0
44081.0,43847.652,233.34766,0
45783.0,45437.67,345.32812,0
46887.0,46683.89,203.10938,0
47922.0,47463.484,458.51562,0
48397.0,48260.594,136.40625,0
48415.0,48408.04,6.9609375,0
48199.0,48135.125,63.875,0
47449.0,47580.594,131.59375,0
45932.0,46185.688,253.6875,0
44229.0,44173.22,55.78125,0
43073.0,43227.61,154.60938,0
42579.0,42761.383,182.38281,0
40001.0,40029.066,28.066406,0
36869.0,36421.72,447.28125,0
34004.0,33659.54,344.46094,0
31711.0,31598.559,112.44141,0
30321.0,29977.05,343.94922,0
29299.0,29211.031,87.96875,0
28779.0,28628.09,150.91016,0
28647.0,28582.988,64.01172,0
29123.0,29199.828,76.828125,0
31786.0,31080.059,705.9414,0
35923.0,35112.55,810.4492,0
39541.0,39045.97,495.03125,0
42404.0,41972.23,431.76953,0
44584.0,43978.688,605.3125,0
45563.0,45410.09,152.91016,0
45903.0,45753.586,149.41406,0
46032.0,45773.977,258.02344,0
45934.0,45784.97,149.03125,0
45698.0,45523.016,174.98438,0
44899.0,45003.625,104.625,0
43592.0,43576.383,15.6171875,0
42234.0,42049.65,184.35156,0
41494.0,41567.58,73.578125,0
41069.0,41194.4,125.39844,0
38596.0,38738.43,142.42969,0
35760.0,35473.418,286.58203,0
32664.0,32767.213,103.21289,0
30571.0,30357.684,213.3164,0
29179.0,28948.62,230.38086,0
28221.0,28067.348,153.65234,0
27587.0,27467.88,119.11914,0
27080.0,27158.512,78.51172,0
27173.0,27079.365,93.634766,0
29054.0,28484.877,569.12305,0
32184.0,32193.824,9.824219,0
35351.0,35286.12,64.87891,0
37778.0,37923.992,145.99219,0
39361.0,39509.27,148.26953,0
40609.0,40162.92,446.07812,0
41391.0,41083.195,307.8047,0
41616.0,41691.92,75.921875,0
41494.0,41611.13,117.12891,0
40428.0,41148.312,720.3125,0
39076.0,39219.586,143.58594,0
36527.0,37244.16,717.16016,0
34534.0,34327.246,206.7539,0
33911.0,33988.91,77.91016,0
33781.0,34044.973,263.97266,0
31910.0,31588.303,321.69727,0
29180.0,29325.951,145.95117,0
26775.0,26636.25,138.75,0
25183.0,25187.197,4.1972656,0
23479.0,24209.133,730.1328,0
22654.0,22686.045,32.04492,0
22915.0,22551.205,363.79492,0
23432.0,23986.361,554.3613,0
25059.0,24864.83,194.16992,0
27787.0,27825.652,38.652344,0
29572.0,30826.713,1254.7129,1
30698.0,31105.355,407.35547,0
31582.0,31829.383,247.38281,0
32055.0,32229.74,174.74023,0
32152.0,32313.445,161.44531,0
32348.0,32283.941,64.05859,0
32620.0,32391.67,228.33008,0
32690.0,32660.875,29.125,0
32934.0,32702.553,231.44727,0
32881.0,32914.055,33.054688,0
32145.0,32078.15,66.84961,0
31040.0,31277.02,237.01953,0
30469.0,31319.969,850.96875,0
30817.0,30665.56,151.43945,0
28316.0,28485.062,169.0625,0
25448.0,25374.959,73.041016,0
23122.0,23090.326,31.673828,0
21859.0,21775.156,83.84375,0
21123.0,21121.566,1.4335938,0
20820.0,20742.668,77.33203,0
21173.0,20937.547,235.45312,0
22197.0,22600.402,403.40234,0
24356.0,24427.438,71.4375,0
27237.0,27153.82,83.17969,0
29482.0,29519.445,37.445312,0
31031.0,30969.254,61.746094,0
32065.0,32346.895,281.89453,0
32882.0,32830.87,51.128906,0
33246.0,33385.242,139.24219,0
33737.0,33629.35,107.64844,0
33895.0,34073.727,178.72656,0
33850.0,33990.676,140.67578,0
33753.0,33819.777,66.77734,0
33492.0,33421.613,70.38672,0
32455.0,32592.865,137.86523,0
31343.0,31529.895,186.89453,0
30995.0,31804.184,809.1836,0
31541.0,30870.02,670.98047,0
29627.0,29182.203,444.79688,0
27072.0,26787.22,284.7793,0
25058.0,24626.822,431.17773,0
23603.0,23636.527,33.527344,0
22753.0,22778.4,25.40039,0
22242.0,22305.31,63.310547,0
22046.0,22258.11,212.10938,0
22331.0,23070.572,739.57227,0
22560.0,23966.975,1406.9746,1
23365.0,24324.363,959.3633,0
25507.0,25427.129,79.87109,0
27960.0,27520.16,439.83984,0
29817.0,29600.008,216.99219,0
31218.0,30977.725,240.27539,0
32018.0,32067.053,49.052734,0
32624.0,32552.586,71.41406,0
33284.0,32952.09,331.91016,0
33779.0,33566.51,212.48828,0
34316.0,34015.438,300.5625,0
34110.0,34390.992,280.9922,0
33157.0,33071.63,85.37109,0
32282.0,32009.906,272.09375,0
32303.0,32394.62,91.61914,0
32240.0,32208.428,31.572266,0
31055.0,29671.2,1383.8008,1
28791.0,28357.0,434.0,0
26575.0,26382.766,192.23438,0
24934.0,25063.36,129.35938,0
23986.0,24008.543,22.542969,0
23404.0,23463.969,59.96875,0
23460.0,23362.451,97.54883,0
24460.0,24589.03,129.0293,0
26600.0,26539.098,60.902344,0
30277.0,29357.766,919.2344,0
33418.0,33125.17,292.82812,0
35697.0,35414.656,282.34375,0
37804.0,37590.305,213.69531,0
39017.0,39330.23,313.23047,0
39933.0,39988.188,55.1875,0
40460.0,40774.867,314.8672,0
40541.0,40956.953,415.95312,0
40285.0,40616.78,331.78125,0
39917.0,39928.742,11.7421875,0
39086.0,39057.414,28.585938,0
37690.0,37572.71,117.28906,0
36136.0,36248.37,112.37109,0
35026.0,35554.594,528.59375,0
34262.0,34826.87,564.8711,0
31613.0,31615.906,2.90625,0
28589.0,28490.871,98.12891,0
25967.0,25807.627,159.37305,0
24476.0,24259.285,216.71484,0
23522.0,23412.105,109.89453,0
22834.0,22804.572,29.427734,0
22753.0,22616.936,136.06445,0
23432.0,23772.17,340.16992,0
25220.0,25193.988,26.011719,0
28207.0,27927.172,279.82812,0
30569.0,30947.854,378.85352,0
32080.0,32274.617,194.61719,0
33016.0,33423.902,407.90234,0
33523.0,33714.06,191.0586,0
33658.0,33800.88,142.8789,0
33980.0,33847.18,132.82031,0
34023.0,34167.453,144.45312,0
34038.0,34000.934,37.066406,0
34073.0,33922.117,150.88281,0
33775.0,33634.38,140.6211,0
32926.0,32710.42,215.58008,0
31521.0,31847.98,326.98047,0
30596.0,31247.355,651.35547,0
30726.0,30547.693,178.30664,0
28692.0,28532.822,159.17773,0
26202.0,25924.725,277.2754,0
23644.0,23641.195,2.8046875,0
22307.0,21972.516,334.48438,0
21275.0,21199.504,75.49609,0
20767.0,20597.008,169.99219,0
20601.0,20497.254,103.74609,0
20907.0,20660.945,246.05469,0
21442.0,21436.492,5.5078125,0
23045.0,22999.143,45.85742,0
25671.0,25603.76,67.240234,0
27937.0,27703.172,233.82812,0
29723.0,29410.062,312.9375,0
30499.0,30767.896,268.89648,0
30986.0,30893.637,92.36328,0
31093.0,31056.475,36.52539,0
31439.0,31002.55,436.44922,0
31720.0,31598.441,121.55859,0
32233.0,31918.92,314.08008,0
32616.0,32337.05,278.94922,0
32182.0,32032.17,149.83008,0
31289.0,31137.34,151.66016,0
31008.0,31276.44,268.43945,0
31293.0,31108.854,184.14648,0
29721.0,29319.844,401.15625,0
27754.0,27305.422,448.57812,0
25581.0,25451.357,129.64258,0
24020.0,23872.6,147.40039,0
23115.0,22790.176,324.82422,0
22546.0,22274.521,271.47852,0
22272.0,22015.28,256.7207,0
22338.0,22007.037,330.9629,0
22473.0,22477.273,4.2734375,0
23249.0,23524.992,275.9922,0
24842.0,25381.012,539.0117,0
26559.0,26551.062,7.9375,0
28220.0,27943.877,276.12305,0
29384.0,29391.684,7.6835938,0
30112.0,30063.416,48.583984,0
30686.0,30406.605,279.39453,0
31053.0,30916.816,136.1836,0
31473.0,31318.564,154.43555,0
32073.0,31821.867,251.13281,0
32686.0,32265.195,420.8047,0
32932.0,32359.94,572.06055,0
32728.0,32311.965,416.03516,0
33141.0,32750.352,390.64844,0
33757.0,33191.457,565.54297,0
32327.0,31943.062,383.9375,0
29768.0,29949.492,181.49219,0
27692.0,27470.506,221.49414,0
26096.0,26281.127,185.12695,0
25355.0,25216.89,138.10938,0
24791.0,24919.479,128.47852,0
24910.0,24840.777,69.22266,0
26253.0,25984.27,268.73047,0
28646.0,28474.914,171.08594,0
32163.0,31793.006,369.99414,0
35325.0,35214.363,110.63672,0
37903.0,37603.273,299.72656,0
39781.0,40150.25,369.25,0
41195.0,41344.2,149.19922,0
42467.0,42331.08,135.92188,0
43617.0,43532.453,84.546875,0
44460.0,44418.652,41.347656,0
45157.0,44954.594,202.40625,0
45789.0,45383.543,405.45703,0
46006.0,45697.207,308.79297,0
45320.0,45237.02,82.98047,0
43698.0,43895.312,197.3125,0
42305.0,43002.938,697.9375,0
41884.0,42120.98,236.98047,0
38539.0,39323.383,784.3828,0
34702.0,34757.277,55.277344,0
31625.0,31276.97,348.0293,0
29443.0,29540.168,97.16797,0
28084.0,28066.508,17.492188,0
27227.0,27138.363,88.63672,0
26992.0,26956.29,35.710938,0
28151.0,27838.172,312.82812,0
30368.0,30307.135,60.865234,0
34210.0,33405.75,804.25,0
37241.0,37469.9,228.89844,0
40007.0,39514.305,492.6953,0
42623.0,42336.484,286.51562,0
44625.0,44487.996,137.0039,0
45556.0,45944.055,388.0547,0
46690.0,46404.453,285.54688,0
47157.0,47329.617,172.61719,0
46773.0,47374.938,601.9375,0
46449.0,46507.227,58.226562,0
45174.0,45788.56,614.5586,0
43266.0,43546.258,280.2578,0
41340.0,41465.836,125.83594,0
40372.0,40644.04,272.03906,0
39654.0,40097.293,443.29297,0
36319.0,36822.344,503.34375,0
33207.0,32680.293,526.70703,0
30057.0,30106.605,49.60547,0
28214.0,28090.436,123.56445,0
27018.0,26955.787,62.21289,0
26399.0,26157.408,241.5918,0
26461.0,26247.34,213.66016,0
27703.0,27571.291,131.70898,0
30045.0,29913.197,131.80273,0
33062.0,33014.34,47.660156,0
35382.0,35603.727,221.72656,0
37343.0,37208.93,134.07031,0
38960.0,39146.465,186.46484,0
40176.0,40206.508,30.507812,0
40918.0,41142.93,224.92969,0
41444.0,41691.0,247.0,0
41745.0,41898.75,153.75,0
41735.0,41912.6,177.60156,0
41775.0,41508.16,266.83984,0
41253.0,41185.17,67.828125,0
39836.0,39948.86,112.859375,0
37706.0,38323.082,617.08203,0
36438.0,36953.61,515.6094,0
36258.0,36322.14,64.140625,0
33361.0,33636.535,275.53516,0
29965.0,30046.348,81.34766,0
27074.0,27012.225,61.77539,0
25425.0,25291.686,133.31445,0
24315.0,24301.781,13.21875,0
23677.0,23521.842,155.1582,0
23771.0,23494.883,276.1172,0
24894.0,24878.89,15.109375,0
26714.0,26953.824,239.82422,0
30221.0,29319.145,901.85547,0
32684.0,33176.797,492.79688,0
34134.0,34484.777,350.77734,0
35652.0,35526.13,125.87109,0
36463.0,36675.793,212.79297,0
36879.0,37091.71,212.71094,0
37272.0,37388.207,116.20703,0
37431.0,37606.81,175.8086,0
37551.0,37512.812,38.1875,0
37628.0,37471.92,156.07812,0
37322.0,37144.97,177.03125,0
36282.0,36174.13,107.87109,0
34905.0,34992.67,87.671875,0
34448.0,34454.54,6.5390625,0
34358.0,34435.062,77.0625,0
31838.0,31812.988,25.011719,0
28718.0,28803.582,85.58203,0
26266.0,25980.582,285.41797,0
24383.0,24642.81,259.81055,0
23372.0,23296.875,75.125,0
22903.0,22688.232,214.76758,0
23096.0,22801.047,294.95312,0
24150.0,24276.654,126.6543,0
25871.0,26210.781,339.78125,0
29370.0,28415.451,954.5488,0
31770.0,32281.035,511.03516,0
33555.0,33469.883,85.11719,0
34988.0,35023.926,35.92578,0
35800.0,36035.223,235.22266,0
36202.0,36379.254,177.2539,0
36456.0,36654.047,198.04688,0
36494.0,36694.93,200.92969,0
36311.0,36485.85,174.85156,0
36062.0,36025.74,36.26172,0
35521.0,35359.62,161.3789,0
34484.0,34252.824,231.17578,0
33143.0,33293.184,150.1836,0
32504.0,32732.996,228.9961,0
32476.0,32424.555,51.445312,0
30281.0,30134.086,146.91406,0
27544.0,27439.523,104.47656,0
25229.0,24859.87,369.13086,0
23572.0,23468.967,103.0332,0
22534.0,22372.36,161.64062,0
21988.0,21793.182,194.81836,0
21740.0,21665.555,74.44531,0
21911.0,21747.586,163.41406,0
22299.0,22372.309,73.30859,0
24095.0,23800.152,294.84766,0
26767.0,26850.07,83.07031,0
28995.0,28961.215,33.785156,0
30477.0,30568.676,91.67578,0
31227.0,31421.242,194.24219,0
31573.0,31554.773,18.226562,0
31531.0,31572.934,41.933594,0
31500.0,31379.094,120.90625,0
31580.0,31460.557,119.44336,0
31742.0,31644.098,97.90234,0
31871.0,31626.645,244.35547,0
31358.0,31214.33,143.66992,0
30548.0,30357.803,190.19727,0
30367.0,30567.746,200.7461,0
30727.0,30487.775,239.22461,0
28948.0,28797.3,150.69922,0
26751.0,26518.469,232.53125,0
24498.0,24453.242,44.757812,0
23036.0,22849.828,186.17188,0
22005.0,21882.852,122.14844,0
21308.0,21206.812,101.1875,0
21066.0,20808.258,257.7422,0
20792.0,20835.23,43.23047,0
20931.0,20787.07,143.92969,0
22445.0,21946.03,498.9707,0
24864.0,24998.621,134.6211,0
27002.0,27105.36,103.359375,0
28690.0,28703.182,13.181641,0
30100.0,29933.203,166.79688,0
31066.0,30933.275,132.72461,0
31611.0,31559.549,51.45117,0
32081.0,31925.914,155.08594,0
32732.0,32448.781,283.21875,0
33395.0,33223.227,171.77344,0
33743.0,33614.6,128.39844,0
33393.0,33185.598,207.40234,0
32711.0,32435.787,275.2129,0
32789.0,32719.795,69.20508,0
33342.0,32975.605,366.39453,0
31504.0,31436.719,67.28125,0
28724.0,28996.34,272.33984,0
26394.0,26297.988,96.01172,0
24940.0,24923.596,16.404297,0
24095.0,24050.783,44.216797,0
23600.0,23592.729,7.2714844,0
23804.0,23644.984,159.01562,0
24996.0,24893.455,102.54492,0
27109.0,27040.338,68.66211,0
30638.0,30066.012,571.9883,0
33634.0,33786.617,152.61719,0
35965.0,35777.87,187.1289,0
38073.0,37998.42,74.578125,0
39563.0,39678.133,115.13281,0
40660.0,40728.504,68.50391,0
41719.0,41688.69,30.308594,0
42369.0,42515.867,146.86719,0
42689.0,42808.363,119.36328,0
42773.0,42775.023,2.0234375,0
42423.0,42352.734,70.265625,0
41486.0,41299.14,186.85938,0
40210.0,40200.113,9.886719,0
39790.0,39745.586,44.414062,0
39480.0,39683.29,203.28906,0
36432.0,36821.71,389.71094,0
32989.0,32949.363,39.63672,0
30270.0,29821.625,448.375,0
28489.0,28377.69,111.31055,0
27302.0,27286.61,15.390625,0
26594.0,26475.213,118.78711,0
26656.0,26442.467,213.5332,0
28002.0,27724.904,277.0957,0
30259.0,30281.889,22.888672,0
33475.0,33228.777,246.22266,0
36170.0,36271.906,101.90625,0
38365.0,38252.812,112.1875,0
40548.0,40382.93,165.07031,0
42652.0,42164.63,487.3711,0
43931.0,44100.008,169.00781,0
45032.0,45003.68,28.320312,0
45986.0,45749.34,236.66016,0
46552.0,46432.78,119.21875,0
46845.0,46684.277,160.72266,0
46442.0,46590.33,148.32812,0
45230.0,45310.383,80.38281,0
43566.0,43595.83,29.828125,0
42983.0,42890.61,92.390625,0
41884.0,42865.305,981.3047,1
38308.0,38998.824,690.8242,0
34642.0,34493.016,148.98438,0
31607.0,31314.31,292.68945,0
29735.0,29557.902,177.09766,0
28289.0,28421.844,132.84375,0
27532.0,27296.152,235.84766,0
27496.0,27290.049,205.95117,0
28774.0,28522.373,251.62695,0
31071.0,31042.258,28.742188,0
33813.0,34083.582,270.58203,0
35922.0,36292.258,370.2578,0
36820.0,37645.426,825.4258,0
38049.0,38073.383,24.382812,0
38872.0,38918.74,46.73828,0
39291.0,39577.773,286.77344,0
39808.0,39837.453,29.453125,0
40256.0,40214.42,41.578125,0
40497.0,40471.06,25.941406,0
40619.0,40431.586,187.41406,0
40387.0,40094.375,292.625,0
39316.0,39249.137,66.86328,0
37892.0,38002.58,110.578125,0
37566.0,37417.473,148.52734,0
37290.0,37499.203,209.20312,0
34659.0,34582.33,76.671875,0
31462.0,31443.613,18.386719,0
28801.0,28584.084,216.91602,0
27073.0,27065.463,7.5371094,0
26061.0,25948.113,112.88672,0
25447.0,25322.426,124.57422,0
25560.0,25315.756,244.24414,0
26923.0,26733.732,189.26758,0
29167.0,29244.795,77.79492,0
32011.0,31997.215,13.785156,0
34023.0,34437.35,414.35156,0
35188.0,35633.43,445.4297,0
36551.0,36446.844,104.15625,0
37441.0,37442.867,1.8671875,0
38102.0,38134.234,32.234375,0
38813.0,38737.848,75.15234,0
39288.0,39314.887,26.886719,0
39789.0,39534.273,254.72656,0
39960.0,39868.41,91.58984,0
39690.0,39449.176,240.82422,0
38421.0,38486.47,65.46875,0
36738.0,36919.74,181.73828,0
36209.0,36158.906,50.09375,0
35986.0,36170.508,184.50781,0
33280.0,33292.26,12.261719,0
30351.0,30141.443,209.55664,0
27461.0,27561.154,100.1543,0
25807.0,25685.457,121.54297,0
24642.0,24683.285,41.285156,0
24072.0,23854.824,217.17578,0
24075.0,23921.4,153.59961,0
25286.0,25146.92,139.08008,0
27259.0,27455.152,196.15234,0
30418.0,29923.236,494.76367,0
32686.0,33123.695,437.6953,0
34478.0,34396.52,81.48047,0
36329.0,36000.027,328.97266,0
37210.0,37588.25,378.25,0
37759.0,37951.64,192.64062,0
38185.0,38299.88,114.87891,0
38682.0,38508.074,173.92578,0
38863.0,38922.734,59.734375,0
39037.0,38775.863,261.13672,0
38702.0,38525.62,176.3789,0
37500.0,37420.01,79.98828,0
35872.0,36012.684,140.6836,0
34697.0,35177.48,480.48047,0
34348.0,34538.016,190.01562,0
31922.0,31820.441,101.55859,0
28879.0,28925.092,46.091797,0
26404.0,26016.436,387.56445,0
24422.0,24499.518,77.51758,0
23405.0,23084.023,320.97656,0
22635.0,22564.008,70.99219,0
22323.0,22171.607,151.39258,0
22404.0,22211.758,192.24219,0
22674.0,22762.602,88.60156,0
24646.0,24163.867,482.1328,0
27408.0,27595.365,187.36523,0
29966.0,29797.113,168.88672,0
31825.0,31886.729,61.728516,0
33224.0,33125.875,98.125,0
33961.0,33961.93,0.9296875,0
34445.0,34270.965,174.03516,0
34978.0,34629.04,348.96094,0
35566.0,35262.805,303.1953,0
36011.0,35883.27,127.73047,0
36088.0,35939.46,148.53906,0
35466.0,35222.305,243.69531,0
34232.0,34247.63,15.628906,0
33645.0,33890.87,245.8711,0
33589.0,33748.734,159.73438,0
31510.0,31464.64,45.359375,0
28860.0,28868.541,8.541016,0
26328.0,26301.932,26.06836,0
24433.0,24472.938,39.9375,0
23251.0,23112.326,138.67383,0
22566.0,22338.523,227.47656,0
22057.0,21971.496,85.50391,0
22003.0,21666.646,336.35352,0
21908.0,22056.285,148.28516,0
23210.0,22871.275,338.7246,0
25858.0,25763.701,94.29883,0
28274.0,28336.537,62.53711,0
30462.0,30332.44,129.56055,0
32120.0,32126.445,6.4453125,0
33129.0,33191.836,62.835938,0
34190.0,33672.14,517.8594,0
35056.0,34762.004,293.9961,0
35782.0,35650.934,131.0664,0
36434.0,36262.97,171.03125,0
36752.0,36500.812,251.1875,0
36268.0,36078.41,189.58984,0
35294.0,35175.5,118.5,0
34810.0,35076.53,266.53125,0
35273.0,34913.51,359.48828,0
33241.0,33303.73,62.73047,0
30638.0,30575.336,62.664062,0
28206.0,28190.393,15.607422,0
26582.0,26606.797,24.796875,0
25679.0,25556.047,122.953125,0
25308.0,25092.553,215.44727,0
25354.0,25389.334,35.333984,0
26669.0,26340.36,328.64062,0
29020.0,28860.4,159.59961,0
32396.0,32182.371,213.6289,0
35539.0,35404.277,134.72266,0
38242.0,37867.445,374.5547,0
40929.0,40583.605,345.39453,0
43170.0,42861.11,308.89062,0
44712.0,44719.57,7.5703125,0
46320.0,45861.832,458.16797,0
47067.0,47181.42,114.421875,0
47839.0,47429.703,409.29688,0
48428.0,48097.105,330.89453,0
48332.0,48360.375,28.375,0
47327.0,47387.996,60.996094,0
45700.0,45665.22,34.78125,0
44738.0,44929.094,191.09375,0
44236.0,44579.18,343.1797,0
40789.0,41691.22,902.21875,0
37011.0,36861.07,149.92969,0
33898.0,33479.59,418.41016,0
31936.0,31653.646,282.35352,0
30660.0,30503.73,156.26953,0
29790.0,29668.703,121.296875,0
29754.0,29435.041,318.95898,0
31027.0,30685.594,341.40625,0
33470.0,33279.305,190.69531,0
36828.0,36693.695,134.30469,0
39517.0,39796.22,279.21875,0
41974.0,41593.477,380.52344,0
44690.0,44124.285,565.71484,0
46912.0,46441.195,470.8047,0
48486.0,48115.21,370.78906,0
49564.0,49290.465,273.53516,0
50410.0,49988.164,421.83594,0
51104.0,50669.023,434.97656,0
51550.0,51233.18,316.8203,0
51508.0,51287.297,220.70312,0
50482.0,50453.9,28.101562,0
49002.0,48853.543,148.45703,0
48570.0,48091.688,478.3125,0
47952.0,48256.21,304.21094,0
44315.0,45531.91,1216.9102,1
40438.0,40326.926,111.07422,0
37386.0,36772.016,613.9844,0
35120.0,34948.17,171.82812,0
34081.0,33517.668,563.33203,0
33230.0,33098.703,131.29688,0
33230.0,32751.693,478.30664,0
34212.0,33991.09,220.91016,0
36335.0,36280.67,54.328125,0
39759.0,39389.13,369.8711,0
42732.0,42869.18,137.17969,0
45413.0,44802.52,610.48047,0
47775.0,47343.066,431.9336,0
49761.0,49094.56,666.4414,0
50807.0,50456.383,350.6172,0
51686.0,51148.492,537.5078,0
52132.0,51859.824,272.17578,0
51959.0,52147.727,188.72656,0
52024.0,51729.145,294.85547,0
51477.0,51548.406,71.40625,0
50398.0,50408.516,10.515625,0
48930.0,49030.43,100.42969,0
48362.0,48090.043,271.95703,0
47017.0,47908.242,891.2422,0
43487.0,44462.977,975.97656,0
39599.0,39556.12,42.878906,0
36472.0,35993.492,478.5078,0
34674.0,34087.7,586.3008,0
33251.0,33239.973,11.027344,0
32287.0,32234.5,52.5,0
32192.0,31827.797,364.20312,0
33286.0,33052.402,233.59766,0
35488.0,35530.805,42.804688,0
38241.0,38527.01,286.01172,0
40295.0,40788.547,493.54688,0
41562.0,41850.965,288.96484,0
42376.0,42931.625,555.625,0
42624.0,43214.918,590.91797,0
42584.0,42973.785,389.78516,0
42285.0,42773.168,488.16797,0
41695.0,42183.633,488.6328,0
40597.0,41251.273,654.27344,0
39887.0,39590.254,296.7461,0
39006.0,38685.934,320.0664,0
37808.0,37617.562,190.4375,0
36404.0,36822.69,418.6914,0
36157.0,36047.67,109.328125,0
36129.0,35895.047,233.95312,0
34289.0,33579.9,709.10156,0
32440.0,31426.072,1013.92773,1
30611.0,29982.764,628.2363,0
26213.0,29112.398,2899.3984,1
24980.0,24563.932,416.06836,0
24139.0,24342.49,203.49023,0
24217.0,23965.186,251.81445,0
25080.0,25277.12,197.11914,0
26963.0,27058.766,95.765625,0
29602.0,29707.492,105.49219,0
31805.0,32171.322,366.32227,0
33207.0,33483.88,276.8789,0
34375.0,34565.73,190.73047,0
35029.0,35225.074,196.07422,0
35422.0,35459.484,37.484375,0
35776.0,35779.414,3.4140625,0
36064.0,36019.004,44.996094,0
36149.0,36178.74,29.738281,0
36323.0,36021.53,301.46875,0
35897.0,35886.484,10.515625,0
34552.0,34610.59,58.589844,0
32860.0,33048.363,188.36328,0
32567.0,32261.822,305.17773,0
32347.0,32885.4,538.39844,0
30010.0,29840.156,169.84375,0
27428.0,27093.64,334.35938,0
25145.0,24773.736,371.26367,0
23559.0,23392.965,166.03516,0
22564.0,22347.71,216.28906,0
21894.0,21805.111,88.88867,0
21752.0,21533.59,218.41016,0
21968.0,21764.965,203.03516,0
22517.0,22427.45,89.55078,0
23868.0,24118.977,250.97656,0
26437.0,26352.791,84.208984,0
28654.0,28515.527,138.47266,0
30260.0,30235.322,24.677734,0
31210.0,31281.459,71.458984,0
31452.0,31656.916,204.91602,0
31572.0,31426.637,145.36328,0
31568.0,31479.36,88.640625,0
31513.0,31535.13,22.13086,0
31712.0,31520.742,191.25781,0
31707.0,31616.127,90.87305,0
31106.0,30969.043,136.95703,0
30081.0,30102.848,21.847656,0
30223.0,30072.445,150.55469,0
30345.0,30492.535,147.53516,0
28593.0,28308.95,284.05078,0
26417.0,26172.922,244.07812,0
24553.0,24148.44,404.56055,0
23075.0,22945.383,129.61719,0
22144.0,21913.273,230.72656,0
21612.0,21348.85,263.1504,0
21319.0,21130.816,188.1836,0
21445.0,21073.066,371.9336,0
21429.0,21614.037,185.03711,0
22326.0,22372.0,46.0,0
24110.0,24495.621,385.6211,0
25848.0,25907.332,59.33203,0
27200.0,27232.072,32.072266,0
28011.0,28180.742,169.74219,0
28359.0,28465.19,106.18945,0
28416.0,28429.86,13.859375,0
28239.0,28360.477,121.47656,0
28048.0,28203.492,155.49219,0
28080.0,28099.168,19.167969,0
28263.0,28098.63,164.36914,0
28044.0,27945.959,98.041016,0
27954.0,27528.797,425.20312,0
28830.0,28512.102,317.89844,0
28925.0,28777.768,147.23242,0
27311.0,27019.543,291.45703,0
25419.0,25056.4,362.5996,0
23842.0,23490.057,351.94336,0
22712.0,22720.277,8.277344,0
22237.0,22100.459,136.54102,0
22074.0,22020.88,53.11914,0
22584.0,22337.57,246.42969,0
24029.0,23970.303,58.697266,0
26408.0,26347.072,60.927734,0
29319.0,29282.303,36.697266,0
31694.0,31611.287,82.71289,0
33341.0,33363.453,22.453125,0
34557.0,34802.45,245.44922,0
35385.0,35441.816,56.816406,0
35727.0,36010.977,283.97656,0
36077.0,36196.094,119.09375,0
36273.0,36395.035,122.03516,0
36185.0,36407.14,222.14062,0
36220.0,36105.688,114.3125,0
35856.0,35921.23,65.23047,0
35045.0,34853.297,191.70312,0
33848.0,34245.95,397.94922,0
33908.0,34067.008,159.00781,0
33878.0,33763.875,114.125,0
31239.0,31264.498,25.498047,0
28369.0,28158.973,210.02734,0
25903.0,25757.643,145.35742,0
24342.0,24362.258,20.257812,0
23591.0,23426.398,164.60156,0
23083.0,23112.365,29.365234,0
23362.0,23097.572,264.42773,0
24760.0,24651.717,108.2832,0
26941.0,27131.209,190.20898,0
29812.0,29662.201,149.79883,0
32109.0,32183.213,74.21289,0
33833.0,33803.703,29.296875,0
35239.0,35377.125,138.125,0
36574.0,36274.39,299.60938,0
37275.0,37490.848,215.84766,0
38216.0,38047.008,168.99219,0
38723.0,38917.21,194.21094,0
39211.0,39081.164,129.83594,0
39486.0,39422.406,63.59375,0
39273.0,39199.76,73.23828,0
38116.0,38229.484,113.484375,0
36536.0,36813.01,277.01172,0
36210.0,36219.664,9.6640625,0
35701.0,36221.2,520.1992,0
32842.0,32921.637,79.63672,0
29553.0,29574.26,21.259766,0
26928.0,26641.639,286.36133,0
25303.0,25241.746,61.253906,0
24293.0,24259.123,33.876953,0
23789.0,23640.752,148.24805,0
24002.0,23792.092,209.9082,0
25209.0,25288.826,79.82617,0
27414.0,27517.123,103.12305,0
30366.0,29815.504,550.4961,0
33161.0,33053.473,107.52734,0
35346.0,35217.66,128.33984,0
37121.0,37235.74,114.73828,0
39268.0,38497.746,770.2539,0
40325.0,40587.867,262.8672,0
41589.0,41334.508,254.49219,0
42385.0,42433.152,48.152344,0
42848.0,42826.258,21.742188,0
43358.0,42959.94,398.0586,0
43391.0,43113.855,277.14453,0
42312.0,42373.03,61.03125,0
40609.0,40954.914,345.91406,0
40072.0,40665.03,593.03125,0
39171.0,39284.207,113.20703,0
35878.0,36113.4,235.39844,0
32497.0,32480.754,16.246094,0
29115.0,29481.18,366.1797,0
27367.0,27149.453,217.54688,0
26103.0,26157.562,54.5625,0
25356.0,25260.77,95.23047,0
25492.0,25161.504,330.4961,0
26579.0,26686.084,107.083984,0
28541.0,28823.494,282.49414,0
31570.0,30762.307,807.69336,0
34344.0,34371.832,27.832031,0
36879.0,36449.145,429.85547,0
39060.0,38930.953,129.04688,0
40891.0,40710.586,180.41406,0
42272.0,42068.555,203.44531,0
43522.0,43259.043,262.95703,0
44393.0,44262.4,130.60156,0
45330.0,44805.242,524.7578,0
45820.0,45617.254,202.7461,0
45681.0,45573.08,107.921875,0
44183.0,44482.188,299.1875,0
42105.0,42546.176,441.17578,0
41337.0,41981.43,644.4297,0
40392.0,40519.07,127.07031,0
36954.0,37241.293,287.29297,0
33299.0,33490.12,191.1211,0
30226.0,30177.254,48.746094,0
28566.0,28243.193,322.80664,0
27334.0,27332.615,1.3847656,0
26570.0,26459.613,110.38672,0
26662.0,26336.852,325.14844,0
27899.0,27841.643,57.35742,0
30085.0,30268.725,183.72461,0
32794.0,32407.33,386.66992,0
35304.0,35256.094,47.90625,0
37448.0,37243.418,204.58203,0
39289.0,39250.746,38.253906,0
40983.0,40645.07,337.9297,0
42165.0,42014.88,150.1211,0
43322.0,42989.19,332.8086,0
44137.0,43949.527,187.47266,0
44573.0,44452.242,120.75781,0
44391.0,44520.145,129.14453,0
44061.0,43624.71,436.28906,0
42548.0,42748.766,200.76562,0
40796.0,40983.477,187.47656,0
40462.0,40700.25,238.25,0
39515.0,39479.535,35.464844,0
36721.0,36516.83,204.17188,0
33698.0,33556.625,141.375,0
30952.0,30732.822,219.17773,0
29139.0,28835.39,303.60938,0
27799.0,27660.195,138.80469,0
26898.0,26803.07,94.92969,0
26500.0,26312.867,187.13281,0
26890.0,26325.828,564.1719,0
27358.0,27341.975,16.02539,0
28590.0,28778.324,188.32422,0
31238.0,31245.791,7.7910156,0
33773.0,33886.504,113.50391,0
35789.0,35662.492,126.50781,0
37035.0,37076.812,41.8125,0
38041.0,37622.926,418.07422,0
38804.0,38306.348,497.65234,0
39306.0,39009.92,296.07812,0
39147.0,39417.375,270.375,0
38815.0,38798.53,16.46875,0
38034.0,37973.434,60.566406,0
36966.0,36570.72,395.28125,0
35927.0,35878.824,48.17578,0
35929.0,36074.26,145.26172,0
35506.0,35107.215,398.78516,0
33515.0,33334.496,180.5039,0
31106.0,30913.193,192.80664,0
28706.0,28563.568,142.43164,0
27116.0,26827.857,288.14258,0
25930.0,25787.068,142.93164,0
25103.0,24983.482,119.51758,0
24658.0,24486.191,171.8086,0
24658.0,24361.168,296.83203,0
24613.0,24778.973,165.97266,0
25778.0,25419.438,358.5625,0
28322.0,28221.594,100.40625,0
31009.0,30976.705,32.29492,0
33676.0,33179.17,496.82812,0
35949.0,35567.57,381.4297,0
38173.0,37329.113,843.8867,0
39634.0,39246.895,387.10547,0
40718.0,40344.086,373.91406,0
41496.0,41196.477,299.52344,0
42239.0,41741.32,497.6797,0
42546.0,42176.234,369.76562,0
41781.0,41733.6,47.398438,0
40564.0,40664.277,100.27734,0
40825.0,40592.637,232.36328,0
40486.0,39900.125,585.875,0
37997.0,38141.363,144.36328,0
34760.0,35041.645,281.64453,0
32050.0,32057.582,7.5820312,0
30370.0,30130.404,239.5957,0
29142.0,29201.16,59.160156,0
28533.0,28368.152,164.84766,0
28691.0,28465.115,225.88477,0
29881.0,29767.424,113.57617,0
32056.0,32007.104,48.896484,0
35399.0,34767.805,631.1953,0
38917.0,38684.66,232.33984,0
42116.0,41663.023,452.97656,0
45127.0,44662.43,464.5703,0
47571.0,47089.67,481.32812,0
49200.0,48758.113,441.88672,0
50355.0,49934.336,420.66406,0
51164.0,50799.98,364.01953,0
51490.0,51467.844,22.15625,0
51660.0,51518.535,141.46484,0
51349.0,51126.37,222.6289,0
50378.0,50026.96,351.03906,0
49011.0,49086.555,75.55469,0
48781.0,48617.793,163.20703,0
47438.0,47792.03,354.03125,0
43531.0,44707.47,1176.4688,1
39474.0,39719.703,245.70312,0
36295.0,35875.176,419.82422,0
34462.0,34003.367,458.6328,0
32919.0,33054.684,135.6836,0
31924.0,31885.93,38.070312,0
31720.0,31481.965,238.03516,0
32931.0,32481.615,449.38477,0
34803.0,35121.89,318.89062,0
38172.0,37259.03,912.96875,0
41100.0,41281.242,181.24219,0
44240.0,43496.35,743.64844,0
46948.0,46481.586,466.41406,0
48884.0,48676.973,207.02734,0
50155.0,49776.152,378.84766,0
51407.0,50740.85,666.14844,0
52394.0,51841.25,552.75,0
53076.0,52663.78,412.21875,0
53253.0,53026.535,226.46484,0
52964.0,52619.57,344.4297,0
52019.0,51772.0,247.0,0
50606.0,50732.203,126.203125,0
50382.0,49883.484,498.51562,0
48918.0,49419.293,501.29297,0
45123.0,46365.24,1242.2383,1
41378.0,41469.72,91.71875,0
37867.0,37760.73,106.26953,0
35938.0,35373.555,564.4453,0
34450.0,34458.34,8.339844,0
33379.0,33458.33,79.328125,0
33292.0,32859.62,432.3789,0
34346.0,33986.246,359.7539,0
36465.0,36426.54,38.460938,0
39673.0,39098.977,574.02344,0
42910.0,42646.57,263.4297,0
45912.0,45377.5,534.5,0
48768.0,47964.61,803.3906,0
50772.0,50300.984,471.01562,0
52033.0,51547.992,485.0078,0
52815.0,52484.24,330.76172,0
53427.0,53052.773,374.22656,0
53604.0,53457.297,146.70312,0
53789.0,53311.96,477.03906,0
53356.0,53144.73,211.26953,0
52307.0,52273.098,33.902344,0
51468.0,51071.586,396.41406,0
51036.0,50662.336,373.66406,0
49396.0,49928.117,532.1172,0
45586.0,46951.96,1365.9609,1
41424.0,42110.54,686.53906,0
38326.0,37735.03,590.96875,0
36169.0,35797.074,371.92578,0
34679.0,34658.355,20.644531,0
33636.0,33704.375,68.375,0
33335.0,33159.29,175.71094,0
34362.0,33933.496,428.5039,0
36291.0,36471.234,180.23438,0
39526.0,38841.336,684.66406,0
43024.0,42433.527,590.47266,0
46245.0,45586.465,658.53516,0
49193.0,48325.617,867.3828,0
51544.0,50696.094,847.90625,0
52527.0,52336.062,190.9375,0
53654.0,52869.055,784.9453,0
54030.0,53863.89,166.10938,0
53631.0,53906.562,275.5625,0
53618.0,53199.938,418.0625,0
53455.0,52968.87,486.1289,0
52868.0,52454.004,413.9961,0
51947.0,51682.387,264.61328,0
52344.0,50940.58,1403.4219,1
51163.0,51180.74,17.738281,0
47650.0,48746.5,1096.5,1
44058.0,44423.566,365.5664,0
40662.0,40511.203,150.79688,0
38621.0,37921.39,699.6094,0
36988.0,36920.684,67.31641,0
35966.0,35918.242,47.757812,0
35613.0,35419.18,193.82031,0
36622.0,35988.51,633.4883,0
38472.0,38484.23,12.230469,0
41347.0,41004.047,342.95312,0
44482.0,44057.32,424.6797,0
47163.0,46852.754,310.2461,0
49410.0,48880.406,529.59375,0
51109.0,50568.555,540.4453,0
51907.0,51727.66,179.33984,0
52122.0,52174.402,52.402344,0
50703.0,52193.227,1490.2266,1
48723.0,50326.21,1603.2109,1
47538.0,47860.492,322.4922,0
46509.0,46466.363,42.63672,0
45206.0,45340.875,134.875,0
43753.0,44204.57,451.5703,0
43541.0,43326.906,214.09375,0
42027.0,42397.695,370.6953,0
39761.0,39061.465,699.53516,0
37034.0,36531.71,502.28906,0
34088.0,34043.004,44.996094,0
32229.0,31782.596,446.4043,0
31143.0,30632.66,510.33984,0
30221.0,30146.082,74.91797,0
29777.0,29589.734,187.26562,0
29952.0,29530.584,421.41602,0
30561.0,30315.5,245.5,0
31596.0,32036.82,440.8203,0
33825.0,34065.285,240.28516,0
36054.0,36339.555,285.5547,0
37533.0,37628.375,95.375,0
38286.0,38394.867,108.86719,0
38385.0,38547.953,162.95312,0
37929.0,38142.176,213.17578,0
37320.0,37389.223,69.22266,0
36471.0,36695.863,224.86328,0
35705.0,35637.992,67.00781,0
35167.0,34620.28,546.71875,0
34820.0,33988.51,831.4883,0
34539.0,34165.38,373.6211,0
35091.0,34656.836,434.16406,0
34617.0,34447.91,169.08984,0
32964.0,32601.621,362.3789,0
30961.0,30504.807,456.19336,0
28855.0,28577.861,277.13867,0
27333.0,27097.105,235.89453,0
26362.0,26073.104,288.89648,0
26009.0,25502.127,506.87305,0
25674.0,25534.916,139.08398,0
25782.0,25453.99,328.00977,0
26176.0,25999.16,176.83984,0
27045.0,27205.088,160.08789,0
29009.0,29242.855,233.85547,0
31266.0,31224.246,41.753906,0
32945.0,32984.965,39.964844,0
34109.0,34148.18,39.179688,0
34768.0,34710.105,57.89453,0
35160.0,34921.027,238.97266,0
35207.0,35228.023,21.023438,0
35425.0,35190.848,234.15234,0
35788.0,35430.777,357.22266,0
35972.0,35543.72,428.28125,0
35989.0,35269.5,719.5,0
35896.0,35527.36,368.64062,0
36413.0,36416.09,3.0898438,0
35823.0,35380.812,442.1875,0
33901.0,33773.098,127.90234,0
31519.0,31341.332,177.66797,0
29479.0,29283.36,195.64062,0
28036.0,27998.008,37.992188,0
27292.0,27114.117,177.88281,0
26888.0,26823.375,64.625,0
27136.0,27022.766,113.234375,0
28661.0,28345.404,315.5957,0
31150.0,31097.68,52.320312,0
33960.0,33937.33,22.671875,0
36558.0,36717.83,159.82812,0
38591.0,38745.555,154.55469,0
40371.0,40538.21,167.21094,0
41737.0,41820.914,83.91406,0
42704.0,42755.22,51.21875,0
43480.0,43502.6,22.601562,0
43872.0,44007.523,135.52344,0
44076.0,44072.17,3.828125,0
43938.0,44003.09,65.08984,0
43441.0,43337.18,103.82031,0
42086.0,42239.35,153.35156,0
40802.0,41006.633,204.63281,0
40859.0,41028.48,169.48047,0
39271.0,39892.58,621.5781,0
36085.0,36114.38,29.378906,0
32832.0,32671.492,160.50781,0
30104.0,29901.201,202.79883,0
28374.0,28301.14,72.859375,0
27116.0,27209.662,93.66211,0
26479.0,26326.291,152.70898,0
26634.0,26424.598,209.40234,0
27949.0,27847.234,101.765625,0
30226.0,30331.328,105.328125,0
32655.0,32668.846,13.845703,0
35092.0,35028.09,63.910156,0
37326.0,37114.25,211.75,0
39199.0,39308.203,109.203125,0
41075.0,40688.56,386.4414,0
42122.0,42324.21,202.21094,0
43033.0,43019.13,13.871094,0
43658.0,43645.99,12.011719,0
44083.0,43969.53,113.46875,0
44273.0,44136.965,136.03516,0
43877.0,43868.03,8.96875,0
42955.0,42668.324,286.67578,0
42548.0,41904.54,643.46094,0
40755.0,42885.594,2130.5938,1
38957.0,39385.758,428.7578,0
35776.0,35836.746,60.746094,0
32352.0,32344.611,7.388672,0
29645.0,29341.094,303.90625,0
27706.0,27834.594,128.59375,0
26564.0,26489.219,74.78125,0
26001.0,25779.201,221.79883,0
26013.0,25930.686,82.31445,0
27291.0,27140.176,150.82422,0
29671.0,29685.992,14.9921875,0
32272.0,32138.496,133.5039,0
34680.0,34661.39,18.609375,0
36844.0,36616.43,227.57031,0
38770.0,38740.344,29.65625,0
40208.0,40227.938,19.9375,0
41183.0,41241.996,58.996094,0
42377.0,41990.19,386.8086,0
42996.0,43098.67,102.671875,0
43368.0,43322.86,45.140625,0
43638.0,43385.01,252.98828,0
43070.0,43193.71,123.71094,0
41673.0,41735.867,62.867188,0
39896.0,40412.207,516.20703,0
39973.0,40001.875,28.875,0
38458.0,39120.18,662.1797,0
35068.0,35250.29,182.28906,0
31792.0,31666.03,125.9707,0
29082.0,28890.94,191.06055,0
27126.0,27296.684,170.6836,0
25916.0,25895.066,20.933594,0
25266.0,25113.082,152.91797,0
25306.0,25143.785,162.21484,0
26766.0,26464.184,301.8164,0
29094.0,29307.555,213.55469,0
32040.0,31449.281,590.71875,0
34399.0,34600.61,201.60938,0
36617.0,36265.95,351.05078,0
38629.0,38447.453,181.54688,0
40293.0,40115.47,177.53125,0
41586.0,41411.29,174.71094,0
42989.0,42545.324,443.67578,0
43729.0,43802.344,73.34375,0
44261.0,44093.188,167.8125,0
44523.0,44334.52,188.48047,0
44100.0,44063.43,36.570312,0
42505.0,42777.094,272.09375,0
40819.0,40967.24,148.23828,0
40995.0,40888.664,106.33594,0
39572.0,40136.766,564.7656,0
36589.0,36367.64,221.35938,0
33435.0,33300.5,134.5,0
30843.0,30526.777,316.22266,0
29055.0,28979.535,75.46484,0
28036.0,27803.896,232.10352,0
27582.0,27250.328,331.67188,0
27746.0,27496.266,249.73438,0
29021.0,28966.99,54.009766,0
31602.0,31414.15,187.84961,0
34095.0,34214.21,119.21094,0
36734.0,36324.492,409.5078,0
38673.0,38672.305,0.6953125,0
40368.0,40430.723,62.722656,0
41184.0,41565.47,381.46875,0
41984.0,41785.258,198.74219,0
43103.0,42509.047,593.9531,0
44133.0,43669.844,463.15625,0
45029.0,44550.03,478.96875,0
45399.0,45228.367,170.63281,0
44890.0,44995.32,105.32031,0
43417.0,43493.094,76.09375,0
41648.0,41890.727,242.72656,0
41440.0,41576.637,136.63672,0
40101.0,40425.08,324.07812,0
36881.0,36982.45,101.44922,0
33407.0,33564.508,157.50781,0
30339.0,30313.014,25.986328,0
28204.0,28160.678,43.322266,0
26784.0,26706.182,77.81836,0
25566.0,25810.398,244.39844,0
25074.0,24964.098,109.90234,0
25126.0,24907.68,218.32031,0
25427.0,25451.16,24.160156,0
26896.0,26772.223,123.77734,0
30040.0,29763.102,276.89844,0
32968.0,33012.434,44.433594,0
35125.0,35269.508,144.50781,0
36553.0,36600.977,47.976562,0
37301.0,37253.066,47.933594,0
37713.0,37504.01,208.98828,0
37826.0,37774.184,51.816406,0
37986.0,37775.75,210.25,0
37912.0,37872.24,39.76172,0
37417.0,37321.88,95.12109,0
36509.0,36148.566,360.4336,0
35865.0,35403.562,461.4375,0
36432.0,36190.2,241.80078,0
35471.0,35627.066,156.0664,0
33333.0,33176.355,156.64453,0
30868.0,30677.186,190.81445,0
28556.0,28340.137,215.86328,0
26753.0,26712.764,40.23633,0
25635.0,25409.682,225.31836,0
24701.0,24703.996,2.9960938,0
24295.0,24074.844,220.15625,0
24241.0,24017.324,223.67578,0
24268.0,24343.863,75.86328,0
25164.0,25129.395,34.60547,0
27625.0,27466.672,158.32812,0
30187.0,30193.236,6.236328,0
32466.0,32295.355,170.64453,0
34039.0,34153.496,114.49609,0
34878.0,35012.45,134.44922,0
35238.0,35208.746,29.253906,0
35473.0,35343.367,129.63281,0
35638.0,35605.547,32.453125,0
36120.0,35686.258,433.7422,0
36162.0,35998.55,163.44922,0
35770.0,35330.312,439.6875,0
35471.0,35052.46,418.53906,0
36615.0,36065.906,549.09375,0
35893.0,35782.008,110.99219,0
33710.0,33734.664,24.664062,0
31480.0,31062.07,417.9297,0
29433.0,29289.607,143.39258,0
28000.0,27949.885,50.115234,0
27071.0,27054.887,16.113281,0
26783.0,26536.793,246.20703,0
26935.0,26967.295,32.29492,0
28506.0,28073.95,432.05078,0
31266.0,30968.816,297.1836,0
33968.0,34241.523,273.52344,0
36589.0,36583.0,6.0,0
38913.0,38768.176,144.82422,0
41136.0,41040.164,95.83594,0
42669.0,42808.055,139.05469,0
43686.0,43818.26,132.26172,0
44588.0,44501.016,86.984375,0
45238.0,45142.875,95.125,0
45587.0,45546.81,40.191406,0
45676.0,45632.113,43.88672,0
45317.0,45261.133,55.867188,0
43762.0,44125.88,363.8789,0
42221.0,42520.883,299.8828,0
42005.0,42365.59,360.58984,0
40339.0,41091.984,752.9844,0
36642.0,37122.973,480.97266,0
32986.0,33050.074,64.07422,0
30279.0,29880.434,398.5664,0
28489.0,28440.807,48.19336,0
27230.0,27287.648,57.648438,0
26450.0,26406.084,43.916016,0
26335.0,26317.129,17.871094,0
27631.0,27381.543,249.45703,0
29808.0,30018.312,210.3125,0
32345.0,32199.07,145.92969,0
34647.0,34821.523,174.52344,0
36540.0,36616.383,76.38281,0
38304.0,38312.535,8.535156,0
39582.0,39680.562,98.5625,0
40465.0,40543.63,78.62891,0
41104.0,41240.164,136.16406,0
41534.0,41592.562,58.5625,0
41786.0,41763.484,22.515625,0
41967.0,41740.08,226.92188,0
41658.0,41517.555,140.44531,0
40442.0,40556.87,114.87109,0
38774.0,39358.96,584.96094,0
39150.0,38981.242,168.75781,0
37616.0,38388.73,772.73047,0
34503.0,34449.613,53.38672,0
31249.0,31166.975,82.02539,0
28729.0,28431.332,297.66797,0
26863.0,27031.395,168.39453,0
25767.0,25703.744,63.25586,0
25207.0,25041.004,165.9961,0
25261.0,25170.887,90.11328,0
26643.0,26436.02,206.98047,0
28889.0,29125.457,236.45703,0
31452.0,31223.36,228.64062,0
34178.0,33850.805,327.1953,0
36615.0,36280.18,334.8203,0
38499.0,38668.043,169.04297,0
40051.0,39988.86,62.140625,0
41048.0,41115.156,67.15625,0
41979.0,41875.98,103.01953,0
42629.0,42604.87,24.128906,0
43142.0,42973.215,168.78516,0
43516.0,43234.535,281.46484,0
43083.0,43168.773,85.77344,0
41666.0,41817.906,151.90625,0
39966.0,40344.19,378.1914,0
40112.0,40127.508,15.5078125,0
38494.0,39264.42,770.4219,0
35172.0,35252.6,80.60156,0
31919.0,31778.791,140.20898,0
29573.0,29018.43,554.5703,0
27714.0,27834.176,120.17578,0
26549.0,26489.586,59.414062,0
25846.0,25743.334,102.666016,0
26004.0,25704.709,299.29102,0
27340.0,27241.299,98.70117,0
29727.0,29775.295,48.29492,0
32596.0,32144.416,451.58398,0
34614.0,35108.613,494.61328,0
36532.0,36295.46,236.53906,0
38553.0,38171.695,381.3047,0
40021.0,39991.617,29.382812,0
40797.0,41063.805,266.8047,0
41242.0,41490.426,248.42578,0
41343.0,41547.38,204.3789,0
41100.0,41305.426,205.42578,0
40739.0,40656.684,82.31641,0
40172.0,39810.05,361.94922,0
39194.0,38903.73,290.26953,0
38881.0,38183.39,697.6094,0
38923.0,39287.883,364.8828,0
37353.0,37635.34,282.33984,0
34435.0,34418.36,16.640625,0
31561.0,31290.95,270.05078,0
29063.0,28872.95,190.05078,0
27384.0,27386.375,2.375,0
26166.0,26270.377,104.37695,0
25573.0,25415.44,157.56055,0
25777.0,25499.89,277.10938,0
27049.0,27080.885,31.884766,0
29400.0,29488.229,88.228516,0
31835.0,31793.385,41.615234,0
34108.0,34064.57,43.429688,0
36151.0,35859.19,291.8086,0
38165.0,37871.242,293.7578,0
39456.0,39593.22,137.21875,0
40444.0,40371.855,72.14453,0
41579.0,41146.734,432.26562,0
42296.0,42212.562,83.4375,0
42541.0,42611.37,70.37109,0
42580.0,42395.695,184.30469,0
42096.0,41867.82,228.17969,0
40461.0,40730.797,269.79688,0
38845.0,38944.93,99.92969,0
38852.0,38953.617,101.61719,0
37221.0,37835.64,614.6406,0
34347.0,34102.594,244.40625,0
31447.0,31222.268,224.73242,0
28815.0,28623.326,191.67383,0
26907.0,26838.041,68.958984,0
25659.0,25498.63,160.36914,0
24889.0,24738.24,150.75977,0
24389.0,24393.828,4.828125,0
24688.0,24242.363,445.63672,0
25122.0,25134.02,12.019531,0
26447.0,26524.17,77.16992,0
29169.0,29141.975,27.02539,0
31649.0,31731.383,82.38281,0
33626.0,33519.57,106.42969,0
34620.0,34939.89,319.89062,0
35190.0,35125.773,64.22656,0
35270.0,35252.14,17.859375,0
35548.0,35154.94,393.0586,0
35640.0,35622.984,17.015625,0
35883.0,35584.004,298.9961,0
35611.0,35573.758,37.242188,0
34407.0,34505.285,98.28516,0
33125.0,33281.21,156.21094,0
33447.0,33579.594,132.59375,0
32193.0,32860.37,667.3711,0
30074.0,29791.387,282.61328,0
27759.0,27505.19,253.81055,0
25580.0,25415.11,164.89062,0
24000.0,23887.012,112.98828,0
22920.0,22774.352,145.64844,0
22179.0,22066.559,112.44141,0
21909.0,21649.105,259.89453,0
21915.0,21694.451,220.54883,0
22059.0,22053.57,5.4296875,0
22676.0,22983.172,307.17188,0
25257.0,24738.281,518.71875,0
27449.0,27731.012,282.01172,0
29474.0,29275.848,198.15234,0
31125.0,30933.863,191.13672,0
32389.0,32169.598,219.40234,0
33513.0,33067.047,445.95312,0
34233.0,34156.99,76.01172,0
35042.0,34779.707,262.29297,0
35721.0,35585.79,135.21094,0
35945.0,35767.832,177.16797,0
35361.0,35195.97,165.03125,0
34788.0,34563.1,224.89844,0
35967.0,35467.77,499.23047,0
34973.0,35189.78,216.78125,0
32641.0,32690.473,49.472656,0
30033.0,29966.193,66.80664,0
28114.0,27728.53,385.4707,0
26701.0,26662.48,38.51953,0
25980.0,25768.523,211.47656,0
25585.0,25501.451,83.54883,0
25911.0,25726.035,184.96484,0
27552.0,27176.205,375.79492,0
30399.0,30072.28,326.7207,0
33045.0,33303.45,258.44922,0
35783.0,35548.324,234.67578,0
38179.0,37991.76,187.23828,0
40504.0,40325.117,178.88281,0
42404.0,42205.71,198.28906,0
43701.0,43740.156,39.15625,0
44871.0,44677.727,193.27344,0
45588.0,45567.383,20.617188,0
45526.0,45954.906,428.90625,0
45231.0,45419.543,188.54297,0
44605.0,44586.293,18.707031,0
43211.0,43274.38,63.378906,0
42272.0,42126.6,145.39844,0
42653.0,42540.664,112.33594,0
40497.0,41593.004,1096.0039,1
36782.0,37258.305,476.3047,0
33420.0,33189.957,230.04297,0
30723.0,30366.695,356.3047,0
28891.0,28874.035,16.964844,0
27885.0,27669.834,215.16602,0
27209.0,27145.047,63.953125,0
27270.0,27113.348,156.65234,0
28767.0,28424.79,342.21094,0
31562.0,31302.457,259.54297,0
33907.0,34328.81,421.8086,0
35986.0,36055.703,69.703125,0
38026.0,37785.895,240.10547,0
40341.0,39899.79,441.21094,0
42366.0,41976.67,389.32812,0
43616.0,43758.21,142.21094,0
44710.0,44578.043,131.95703,0
45616.0,45352.242,263.7578,0
46073.0,46025.367,47.632812,0
46301.0,46181.13,119.87109,0
45760.0,45960.17,200.17188,0
43880.0,44433.887,553.8867,0
42374.0,42522.15,148.14844,0
42604.0,42562.61,41.390625,0
40539.0,41709.117,1170.1172,1
37026.0,37174.508,148.50781,0
33408.0,33467.176,59.17578,0
30613.0,30325.135,287.86523,0
28707.0,28733.904,26.904297,0
27473.0,27461.885,11.115234,0
26809.0,26638.164,170.83594,0
26673.0,26686.652,13.652344,0
28121.0,27714.828,406.17188,0
30840.0,30645.812,194.1875,0
33251.0,33551.34,300.33984,0
35512.0,35439.49,72.51172,0
37573.0,37365.21,207.78906,0
39314.0,39441.46,127.46094,0
40667.0,40660.562,6.4375,0
41567.0,41648.066,81.06641,0
42527.0,42316.93,210.07031,0
42882.0,43119.59,237.58984,0
43244.0,43051.844,192.15625,0
43401.0,43206.79,194.21094,0
42989.0,42879.297,109.703125,0
41400.0,41769.992,369.9922,0
40125.0,40045.242,79.75781,0
40574.0,40377.598,196.40234,0
38529.0,39673.176,1144.1758,1
34826.0,35210.664,384.66406,0
31731.0,31334.764,396.23633,0
29033.0,28886.951,146.04883,0
27457.0,27275.63,181.36914,0
26350.0,26311.986,38.01367,0
25913.0,25580.229,332.77148,0
26103.0,25894.857,208.14258,0
27801.0,27403.934,397.0664,0
30865.0,30515.625,349.375,0
33170.0,33604.04,434.03906,0
35065.0,35080.062,15.0625,0
36518.0,36602.996,84.99609,0
37906.0,37951.074,45.07422,0
39520.0,38880.15,639.85156,0
40518.0,40554.234,36.234375,0
41370.0,41363.168,6.8320312,0
41799.0,41911.125,112.125,0
42073.0,41948.246,124.75391,0
42093.0,41928.414,164.58594,0
41289.0,41430.426,141.42578,0
39943.0,39826.17,116.828125,0
39433.0,38788.117,644.8828,0
40054.0,39913.977,140.02344,0
38297.0,38801.766,504.76562,0
35357.0,35236.473,120.52734,0
32467.0,32178.035,288.96484,0
29899.0,29733.934,165.0664,0
28347.0,28150.672,196.32812,0
27395.0,27220.889,174.11133,0
26917.0,26692.887,224.11328,0
27191.0,26869.463,321.5371,0
28635.0,28536.24,98.759766,0
31494.0,31181.45,312.55078,0
34066.0,34201.402,135.40234,0
36339.0,36226.535,112.46484,0
38481.0,38029.234,451.76562,0
40476.0,40270.273,205.72656,0
42312.0,41857.113,454.88672,0
43564.0,43422.156,141.84375,0
44637.0,44387.223,249.77734,0
45347.0,45165.75,181.25,0
45505.0,45577.504,72.50391,0
45459.0,45308.594,150.40625,0
44539.0,44780.85,241.85156,0
42732.0,42950.367,218.36719,0
41620.0,41170.32,449.6797,0
41372.0,41795.836,423.83594,0
39392.0,40058.418,666.41797,0
36455.0,36195.504,259.4961,0
33489.0,33243.93,245.07031,0
30773.0,30549.734,223.26562,0
28977.0,28736.16,240.83984,0
27609.0,27547.477,61.523438,0
26620.0,26657.344,37.34375,0
26143.0,26082.793,60.20703,0
26219.0,26033.992,185.00781,0
26700.0,26630.207,69.79297,0
27327.0,28022.438,695.4375,0
29476.0,29463.205,12.794922,0
31103.0,31538.23,435.23047,0
32197.0,32453.297,256.29688,0
32676.0,32835.086,159.08594,0
32866.0,32815.492,50.507812,0
33061.0,32678.73,382.26953,0
33191.0,32913.973,277.02734,0
33366.0,33169.17,196.82812,0
33609.0,33380.01,228.98828,0
33442.0,33290.312,151.6875,0
32280.0,32498.488,218.48828,0
31306.0,31965.379,659.3789,0
31687.0,31910.29,223.28906,0
30174.0,30573.902,399.90234,0
28026.0,27950.768,75.23242,0
25711.0,25549.178,161.82227,0
24431.0,23550.234,880.7656,0
22106.0,22960.055,854.0547,0
21079.0,20987.719,91.28125,0
20391.0,20406.781,15.78125,0
20113.0,20038.418,74.58203,0
20187.0,20061.102,125.89844,0
20231.0,20514.957,283.95703,0
20985.0,21036.436,51.435547,0
23039.0,22908.453,130.54688,0
24825.0,25115.973,290.97266,0
26015.0,26399.7,384.69922,0
27161.0,26991.021,169.97852,0
27338.0,27872.219,534.21875,0
27580.0,27489.691,90.30859,0
27728.0,27743.797,15.796875,0
27960.0,28000.043,40.04297,0
28275.0,28433.525,158.52539,0
28473.0,28328.87,144.13086,0
27921.0,28058.729,137.72852,0
27565.0,28601.383,1036.3828,1
28412.0,27946.639,465.36133,0
27381.0,27355.197,25.802734,0
25801.0,25450.54,350.46094,0
23922.0,23637.477,284.52344,0
22115.0,22124.08,9.080078,0
20967.0,21043.645,76.64453,0
20210.0,20412.49,202.49023,0
19757.0,19959.857,202.85742,0
19651.0,19952.531,301.53125,0
19976.0,20882.691,906.6914,0
20373.0,22235.281,1862.2812,1
21027.0,22004.941,977.9414,1
23303.0,23345.965,42.964844,0
25804.0,25996.416,192.41602,0
27687.0,27662.32,24.679688,0
28758.0,28759.41,1.4101562,0
29202.0,29419.945,217.94531,0
29585.0,29540.656,44.34375,0
30060.0,29703.746,356.2539,0
30172.0,30178.49,6.4902344,0
30691.0,30330.133,360.8672,0
30888.0,30910.629,22.628906,0
30299.0,30398.209,99.208984,0
30558.0,30988.465,430.46484,0
32037.0,31100.945,936.0547,0
30958.0,30642.182,315.81836,0
28211.0,28302.062,91.0625,0
25910.0,25394.15,515.8496,0
23985.0,23786.164,198.83594,0
23001.0,22815.203,185.79688,0
22406.0,22415.043,9.042969,0
22232.0,22226.229,5.7714844,0
22600.0,22605.807,5.8066406,0
24388.0,24337.623,50.376953,0
27953.0,28000.26,47.259766,0
30606.0,30306.31,299.68945,0
32733.0,31701.816,1031.1836,1
34668.0,34107.38,560.6211,0
36064.0,36095.07,31.070312,0
37397.0,37032.645,364.35547,0
38688.0,38276.566,411.4336,0
39458.0,39573.027,115.02734,0
39678.0,40009.67,331.67188,0
40352.0,39798.13,553.8711,0
40518.0,40505.188,12.8125,0
40232.0,39979.348,252.65234,0
39061.0,39246.184,185.1836,0
38475.0,39304.547,829.5469,0
39123.0,38704.93,418.0703,0
37139.0,37449.57,310.5703,0
33533.0,34052.42,519.4219,0
30074.0,30141.08,67.08008,0
27670.0,27312.926,357.07422,0
26023.0,26062.75,39.75,0
24937.0,24975.072,38.072266,0
24201.0,24288.533,87.5332,0
24219.0,24163.066,55.933594,0
25752.0,25522.865,229.13477,0
28971.0,28815.39,155.60938,0
30892.0,31396.46,504.46094,0
32463.0,32239.633,223.36719,0
33861.0,33975.562,114.5625,0
34723.0,35220.773,497.77344,0
35404.0,35356.215,47.785156,0
35918.0,35890.414,27.585938,0
36538.0,36344.688,193.3125,0
36941.0,36925.16,15.839844,0
37185.0,37165.016,19.984375,0
37436.0,37188.777,247.22266,0
37113.0,36998.574,114.42578,0
35836.0,36109.293,273.29297,0
35080.0,35925.598,845.59766,0
35452.0,35416.426,35.57422,0
33393.0,33836.9,443.89844,0
29938.0,30423.822,485.82227,0
26827.0,26725.074,101.92578,0
24510.0,24406.07,103.92969,0
23190.0,23098.643,91.35742,0
22482.0,22296.174,185.82617,0
22084.0,21967.564,116.43555,0
22474.0,22156.727,317.27344,0
23997.0,24136.824,139.82422,0
27210.0,27179.91,30.089844,0
29290.0,29516.836,226.83594,0
30850.0,30616.283,233.7168,0
32196.0,32235.494,39.49414,0
33493.0,33383.824,109.17578,0
34305.0,34264.887,40.11328,0
34851.0,34912.04,61.039062,0
35611.0,35311.746,299.2539,0
36075.0,36043.56,31.441406,0
36608.0,36324.484,283.51562,0
36914.0,36798.547,115.453125,0
36759.0,36423.754,335.2461,0
35541.0,35765.848,224.84766,0
35121.0,35607.754,486.7539,0
35511.0,35418.47,92.53125,0
33347.0,33844.6,497.60156,0
30206.0,30424.234,218.23438,0
27240.0,27097.229,142.77148,0
24966.0,24834.7,131.30078,0
23635.0,23525.941,109.05859,0
22710.0,22724.207,14.207031,0
22446.0,22144.064,301.93555,0
22762.0,22549.986,212.01367,0
24337.0,24319.334,17.666016,0
27569.0,27521.29,47.710938,0
29892.0,29857.52,34.48047,0
31636.0,31310.918,325.08203,0
33201.0,32997.312,203.6875,0
34738.0,34470.785,267.21484,0
35745.0,35690.73,54.26953,0
36484.0,36493.555,9.5546875,0
37495.0,37056.02,438.98047,0
38095.0,38067.805,27.195312,0
38516.0,38402.57,113.42969,0
38639.0,38525.38,113.62109,0
38138.0,37931.387,206.61328,0
36656.0,36885.566,229.5664,0
35843.0,36453.047,610.0469,0
35880.0,36099.11,219.10938,0
33974.0,34119.81,145.8086,0
31332.0,31136.438,195.5625,0
28662.0,28395.758,266.2422,0
26399.0,26118.227,280.77344,0
24939.0,24679.762,259.23828,0
23757.0,23741.238,15.761719,0
23064.0,22988.113,75.88672,0
22798.0,22733.188,64.8125,0
23216.0,22896.285,319.71484,0
23868.0,23866.49,1.5097656,0
24904.0,25227.713,323.7129,0
27777.0,27087.377,689.62305,0
30164.0,30063.264,100.73633,0
31978.0,31899.814,78.18555,0
33141.0,33036.66,104.33984,0
34040.0,33724.633,315.3672,0
34775.0,34341.305,433.6953,0
35268.0,35036.688,231.3125,0
35815.0,35522.312,292.6875,0
35964.0,36020.957,56.95703,0
35860.0,35437.67,422.32812,0
34817.0,34903.855,86.85547,0
34601.0,34814.914,213.91406,0
35189.0,34948.594,240.40625,0
33642.0,33755.65,113.64844,0
31450.0,31366.346,83.6543,0
29340.0,28851.705,488.29492,0
26689.0,27040.727,351.72656,0
24976.0,24961.729,14.271484,0
23974.0,23752.668,221.33203,0
23169.0,23176.535,7.5351562,0
22734.0,22693.268,40.73242,0
22855.0,22595.312,259.6875,0
23142.0,23179.195,37.195312,0
23926.0,24083.664,157.66406,0
26365.0,25907.121,457.8789,0
29072.0,28602.516,469.48438,0
31246.0,31180.45,65.55078,0
32966.0,32822.812,143.1875,0
34456.0,34019.586,436.41406,0
35282.0,35212.02,69.98047,0
35937.0,35725.613,211.38672,0
36420.0,36340.57,79.42969,0
37065.0,36628.1,436.89844,0
37087.0,36943.6,143.39844,0
36186.0,36201.46,15.4609375,0
36270.0,36109.504,160.4961,0
37248.0,36660.438,587.5625,0
35632.0,35809.773,177.77344,0
32938.0,33307.67,369.67188,0
30277.0,30168.695,108.30469,0
27998.0,28003.002,5.001953,0
26745.0,26517.182,227.81836,0
26059.0,25880.02,178.98047,0
25795.0,25645.96,149.03906,0
26207.0,26046.271,160.72852,0
28098.0,27662.578,435.42188,0
32016.0,31129.459,886.541,0
34930.0,35007.18,77.17969,0
36925.0,36781.816,143.1836,0
38546.0,38601.188,55.1875,0
40000.0,40111.996,111.99609,0
41021.0,41044.215,23.214844,0
41994.0,41880.504,113.49609,0
42394.0,42748.855,354.85547,0
43012.0,42729.945,282.0547,0
43184.0,43304.22,120.21875,0
42998.0,43121.418,123.41797,0
42158.0,42377.996,219.9961,0
41109.0,40920.19,188.8086,0
40518.0,41192.13,674.1289,0
40375.0,40695.344,320.34375,0
37644.0,38596.57,952.5703,0
33927.0,34361.074,434.07422,0
30510.0,30397.775,112.22461,0
27611.0,27718.945,107.94531,0
25944.0,25915.07,28.929688,0
24850.0,24885.27,35.26953,0
24296.0,24210.72,85.2793,0
24414.0,24353.148,60.851562,0
25843.0,25819.006,23.99414,0
29166.0,28836.812,329.1875,0
31269.0,31655.586,386.58594,0
32704.0,32683.07,20.929688,0
33887.0,34185.035,298.03516,0
34796.0,35132.008,336.0078,0
35451.0,35395.04,55.960938,0
35790.0,35970.297,180.29688,0
36476.0,36173.73,302.26953,0
36914.0,36887.242,26.757812,0
37122.0,37171.45,49.44922,0
37187.0,37175.395,11.605469,0
36762.0,36668.01,93.98828,0
35460.0,35845.105,385.10547,0
34865.0,35784.508,919.5078,0
35178.0,35234.676,56.67578,0
32949.0,33542.383,593.3828,0
29931.0,29914.715,16.285156,0
27052.0,26809.455,242.54492,0
24763.0,24698.479,64.521484,0
23567.0,23360.762,206.23828,0
22835.0,22713.982,121.01758,0
22472.0,22362.645,109.35547,0
22684.0,22615.805,68.19531,0
24144.0,24272.734,128.73438,0
27346.0,27315.95,30.050781,0
29368.0,29686.658,318.6582,0
31077.0,30664.424,412.57617,0
32759.0,32585.309,173.6914,0
34121.0,34151.605,30.605469,0
34818.0,35002.055,184.05469,0
35315.0,35402.055,87.05469,0
35997.0,35733.625,263.375,0
36576.0,36386.812,189.1875,0
37033.0,36921.023,111.97656,0
37292.0,37211.33,80.671875,0
36954.0,36811.453,142.54688,0
35519.0,35934.125,415.125,0
35045.0,35751.31,706.3086,0
35351.0,35414.125,63.125,0
33164.0,33650.19,486.1914,0
29691.0,30164.648,473.64844,0
26871.0,26480.334,390.66602,0
24604.0,24479.2,124.80078,0
23204.0,23185.418,18.582031,0
22583.0,22288.254,294.7461,0
22328.0,22092.5,235.5,0
22556.0,22465.85,90.15039,0
24240.0,24138.83,101.16992,0
27618.0,27533.51,84.490234,0
29690.0,29944.28,254.2793,0
31294.0,30914.12,379.88086,0
32908.0,32666.635,241.36523,0
34482.0,34214.906,267.09375,0
35468.0,35447.066,20.933594,0
36392.0,36239.23,152.76953,0
37387.0,37076.406,310.59375,0
38293.0,37988.094,304.90625,0
39121.0,38814.6,306.39844,0
39551.0,39447.74,103.26172,0
39198.0,39089.438,108.5625,0
37754.0,37942.75,188.75,0
37771.0,37706.17,64.828125,0
38008.0,38183.203,175.20312,0
35718.0,36151.016,433.01562,0
32145.0,32662.61,517.6094,0
28992.0,28869.018,122.98242,0
26558.0,26387.895,170.10547,0
24930.0,24983.312,53.3125,0
23970.0,23883.871,86.12891,0
23383.0,23343.023,39.976562,0
23310.0,23349.336,39.335938,0
24731.0,24561.283,169.7168,0
28018.0,27760.635,257.36523,0
30307.0,30491.994,184.99414,0
31170.0,31832.354,662.3535,0
31713.0,32183.914,470.91406,0
32078.0,32446.045,368.04492,0
31824.0,32259.05,435.05078,0
31303.0,31717.572,414.57227,0
31276.0,31019.879,256.1211,0
31040.0,31068.69,28.689453,0
30548.0,30743.625,195.625,0
30279.0,30158.365,120.634766,0
29774.0,29740.404,33.595703,0
28972.0,29256.623,284.62305,0
29318.0,29918.656,600.65625,0
29759.0,29354.67,404.33008,0
28253.0,28374.645,121.64453,0
26265.0,25951.578,313.42188,0
23923.0,23808.412,114.58789,0
22120.0,21828.871,291.1289,0
20923.0,20785.727,137.27344,0
20330.0,20082.785,247.21484,0
19914.0,19906.39,7.609375,0
19919.0,19930.43,11.4296875,0
20400.0,20401.762,1.7617188,0
21314.0,21330.324,16.324219,0
22309.0,22752.938,443.9375,0
24491.0,24141.62,349.38086,0
26010.0,26227.959,217.95898,0
26950.0,26916.203,33.796875,0
26982.0,27276.695,294.6953,0
26826.0,26863.373,37.373047,0
26563.0,26499.783,63.216797,0
26214.0,26203.676,10.324219,0
25964.0,26042.701,78.70117,0
26111.0,25993.436,117.56445,0
26084.0,26042.504,41.496094,0
26044.0,26061.43,17.429688,0
26894.0,27441.436,547.43555,0
27510.0,26896.344,613.65625,0
26461.0,26244.637,216.36328,0
24726.0,24556.367,169.63281,0
22853.0,22596.018,256.98242,0
21098.0,21038.215,59.785156,0
19939.0,19894.016,44.984375,0
19414.0,19165.273,248.72656,0
19023.0,18973.844,49.15625,0
19056.0,18895.867,160.13281,0
19211.0,19295.387,84.38672,0
19814.0,19740.627,73.37305,0
20493.0,20843.941,350.9414,0
22376.0,22068.273,307.72656,0
24018.0,24095.645,77.64453,0
24889.0,25209.33,320.33008,0
25412.0,25436.43,24.429688,0
25804.0,25644.092,159.9082,0
25974.0,25853.268,120.73242,0
25934.0,25984.146,50.146484,0
26193.0,26072.293,120.70703,0
26514.0,26638.426,124.42578,0
26910.0,26589.164,320.83594,0
26927.0,26898.012,28.988281,0
28132.0,27990.254,141.7461,0
28879.0,28162.105,716.89453,0
27368.0,27559.85,191.84961,0
25153.0,25351.947,198.94727,0
23096.0,22923.258,172.74219,0
21498.0,21362.012,135.98828,0
20585.0,20565.865,19.134766,0
20077.0,20140.64,63.640625,0
20056.0,19917.844,138.15625,0
20562.0,20449.139,112.86133,0
22345.0,22304.629,40.371094,0
25868.0,25718.562,149.4375,0
28243.0,28561.172,318.17188,0
29461.0,29594.873,133.87305,0
30552.0,30737.879,185.8789,0
31624.0,31553.8,70.19922,0
32236.0,32189.008,46.992188,0
32559.0,32667.969,108.96875,0
33003.0,32871.934,131.0664,0
33184.0,33224.836,40.835938,0
33292.0,33270.688,21.3125,0
33306.0,33408.324,102.32422,0
32955.0,32912.113,42.88672,0
32192.0,32445.066,253.0664,0
32826.0,33162.383,336.3828,0
32841.0,33178.562,337.5625,0
30716.0,31064.428,348.42773,0
27795.0,27812.67,17.669922,0
24975.0,24883.844,91.15625,0
23088.0,22803.668,284.33203,0
22009.0,21865.262,143.73828,0
21482.0,21325.219,156.78125,0
21138.0,21176.695,38.695312,0
21422.0,21386.125,35.875,0
23173.0,23190.254,17.253906,0
26363.0,26756.264,393.26367,0
28368.0,28639.73,271.73047,0
29886.0,29566.732,319.26758,0
30971.0,31272.87,301.86914,0
32059.0,31987.76,71.240234,0
32754.0,32657.219,96.78125,0
33129.0,33227.87,98.87109,0
33607.0,33461.62,145.3789,0
33759.0,33860.99,101.98828,0
33419.0,33825.73,406.73047,0
33312.0,33185.35,126.64844,0
32865.0,32818.36,46.640625,0
32181.0,32323.473,142.47266,0
32963.0,33186.33,223.32812,0
33181.0,33155.25,25.75,0
31268.0,31431.56,163.56055,0
28251.0,28472.557,221.55664,0
25495.0,25333.076,161.92383,0
23575.0,23327.37,247.63086,0
22504.0,22362.102,141.89844,0
21755.0,21814.498,59.498047,0
21498.0,21400.377,97.62305,0
21924.0,21732.26,191.74023,0
23566.0,23708.844,142.84375,0
27070.0,27025.09,44.910156,0
29005.0,29471.955,466.95508,0
30242.0,30001.049,240.95117,0
31552.0,31442.725,109.27539,0
32905.0,32631.957,273.04297,0
33688.0,33653.445,34.554688,0
33967.0,34286.484,319.48438,0
34368.0,34291.797,76.203125,0
34719.0,34556.617,162.38281,0
34601.0,34864.17,263.17188,0
34522.0,34440.87,81.12891,0
33806.0,33930.344,124.34375,0
32949.0,32872.95,76.05078,0
33929.0,33777.24,151.76172,0
33894.0,34202.574,308.57422,0
31978.0,32019.83,41.83008,0
29072.0,29196.982,124.98242,0
26541.0,26139.768,401.23242,0
24546.0,24320.785,225.21484,0
23490.0,23261.89,228.10938,0
22902.0,22740.352,161.64844,0
22608.0,22539.734,68.265625,0
23091.0,22812.176,278.82422,0
25043.0,24879.75,163.25,0
28919.0,28567.182,351.81836,0
31293.0,31289.719,3.28125,0
32596.0,32261.053,334.94727,0
33480.0,33635.082,155.08203,0
34156.0,34379.242,223.24219,0
34400.0,34530.176,130.17578,0
34155.0,34627.176,472.17578,0
34110.0,34135.297,25.296875,0
33897.0,34001.57,104.57031,0
33681.0,33649.66,31.339844,0
33688.0,33402.844,285.15625,0
33564.0,33200.938,363.0625,0
33378.0,33027.08,350.92188,0
34309.0,34133.83,175.17188,0
34119.0,34129.32,10.3203125,0
32027.0,32371.43,344.4297,0
29719.0,29315.025,403.9746,0
26931.0,26945.068,14.068359,0
24888.0,24759.145,128.85547,0
23714.0,23616.271,97.728516,0
23005.0,22979.941,25.058594,0
22819.0,22634.34,184.66016,0
23194.0,23045.178,148.82227,0
24858.0,24863.32,5.3203125,0
28487.0,28183.799,303.20117,0
31004.0,30874.295,129.70508,0
32284.0,32185.936,98.06445,0
33395.0,33254.707,140.29297,0
34468.0,34353.72,114.28125,0
35143.0,35093.83,49.171875,0
35646.0,35629.973,16.027344,0
36122.0,36042.29,79.71094,0
36400.0,36357.63,42.371094,0
36305.0,36454.137,149.13672,0
36026.0,35961.117,64.88281,0
35241.0,35147.83,93.171875,0
34327.0,34130.22,196.78125,0
34614.0,34727.08,113.078125,0
34089.0,34705.07,616.0703,0
32368.0,32178.414,189.58594,0
30151.0,29761.535,389.46484,0
27706.0,27439.914,266.08594,0
25214.0,25317.459,103.458984,0
23818.0,23601.691,216.3086,0
22863.0,22739.91,123.08984,0
22364.0,22229.22,134.7793,0
22202.0,22163.773,38.226562,0
22660.0,22433.09,226.91016,0
23690.0,23416.988,273.01172,0
24840.0,25244.281,404.28125,0
27007.0,27023.717,16.716797,0
29116.0,28788.496,327.5039,0
30627.0,30470.512,156.48828,0
31654.0,31463.277,190.72266,0
32359.0,32136.217,222.7832,0
32752.0,32565.049,186.95117,0
32867.0,32831.062,35.9375,0
32938.0,32933.69,4.3085938,0
32757.0,32938.297,181.29688,0
32313.0,32116.162,196.83789,0
31634.0,31399.354,234.64648,0
32572.0,32127.148,444.85156,0
32259.0,32984.23,725.23047,0
30865.0,30614.732,250.26758,0
28723.0,28740.738,17.738281,0
26537.0,26293.93,243.07031,0
24274.0,24386.477,112.47656,0
23158.0,22752.887,405.11328,0
21982.0,22114.484,132.48438,0
21472.0,21271.691,200.3086,0
21160.0,21142.557,17.44336,0
21314.0,21137.41,176.58984,0
21743.0,21718.363,24.636719,0
22282.0,22749.406,467.40625,0
24316.0,24047.172,268.82812,0
26394.0,26249.834,144.16602,0
27881.0,28056.076,175.07617,0
29194.0,28997.383,196.61719,0
30159.0,29983.852,175.14844,0
30820.0,30673.629,146.3711,0
31141.0,31224.918,83.91797,0
31339.0,31505.324,166.32422,0
31578.0,31608.559,30.558594,0
31609.0,31368.736,240.26367,0
31337.0,30950.639,386.36133,0
32566.0,31871.434,694.5664,0
32553.0,32910.164,357.16406,0
30992.0,30995.266,3.265625,0
28527.0,28860.43,333.4297,0
26189.0,26056.775,132.22461,0
24419.0,24186.645,232.35547,0
23461.0,23237.725,223.27539,0
22875.0,22809.523,65.47656,0
22718.0,22585.547,132.45312,0
23225.0,23059.871,165.1289,0
25032.0,24899.914,132.08594,0
29256.0,28239.742,1016.2578,1
31870.0,32273.79,403.78906,0
33019.0,33251.633,232.63281,0
34405.0,34263.4,141.60156,0
35511.0,35681.742,170.74219,0
36100.0,36217.27,117.26953,0
36531.0,36677.234,146.23438,0
37177.0,36998.11,178.89062,0
37238.0,37569.016,331.01562,0
37075.0,37299.98,224.98047,0
36920.0,36890.79,29.210938,0
36634.0,36305.797,328.20312,0
36446.0,36016.78,429.21875,0
37175.0,37168.164,6.8359375,0
36110.0,37244.98,1134.9805,1
34011.0,34141.523,130.52344,0
30961.0,31025.635,64.634766,0
28139.0,27849.643,289.35742,0
26026.0,25739.248,286.75195,0
24842.0,24629.041,212.95898,0
23934.0,24016.955,82.95508,0
23527.0,23467.438,59.5625,0
23631.0,23718.113,87.11328,0
25258.0,25142.773,115.22656,0
29085.0,28557.037,527.9629,0
31370.0,31751.285,381.28516,0
32018.0,32552.988,534.9883,0
32587.0,32998.35,411.35156,0
33007.0,33374.94,367.9414,0
33279.0,33227.836,51.164062,0
33152.0,33513.336,361.33594,0
33534.0,33228.582,305.41797,0
33317.0,33684.062,367.0625,0
32513.0,33139.426,626.4258,0
32295.0,32020.234,274.76562,0
31941.0,31861.615,79.384766,0
31258.0,31716.318,458.31836,0
32359.0,32365.873,6.873047,0
31724.0,32508.818,784.81836,0
29751.0,29846.621,95.62109,0
27134.0,26994.209,139.79102,0
24195.0,24418.836,223.83594,0
22414.0,22174.566,239.4336,0
21452.0,21289.676,162.32422,0
20857.0,20825.184,31.816406,0
20647.0,20550.027,96.97266,0
21109.0,20913.012,195.98828,0
22833.0,22976.846,143.8457,0
26790.0,26370.547,419.45312,0
28733.0,29385.506,652.50586,0
29301.0,29525.254,224.2539,0
30280.0,30197.596,82.4043,0
30323.0,31106.264,783.2637,0
30579.0,30421.277,157.72266,0
30557.0,30719.52,162.51953,0
30499.0,30537.484,38.484375,0
30423.0,30395.83,27.169922,0
30279.0,30292.527,13.527344,0
30236.0,30197.508,38.492188,0
29983.0,29901.785,81.21484,0
29913.0,29812.902,100.09766,0
31423.0,31262.928,160.07227,0
30870.0,31262.55,392.55078,0
29241.0,29033.596,207.4043,0
26567.0,26688.629,121.62891,0
24201.0,23929.148,271.85156,0
22382.0,22236.758,145.24219,0
21407.0,21307.848,99.15234,0
20786.0,20835.166,49.166016,0
20761.0,20548.504,212.4961,0
21107.0,21102.61,4.390625,0
22721.0,22874.012,153.01172,0
26225.0,26129.662,95.33789,0
28172.0,28623.621,451.6211,0
29125.0,29085.174,39.82617,0
29897.0,30057.725,160.72461,0
30467.0,30603.875,136.875,0
30750.0,30741.504,8.496094,0
30660.0,30903.11,243.10938,0
30807.0,30627.12,179.88086,0
30330.0,30749.912,419.9121,0
30096.0,29938.43,157.57031,0
29910.0,29946.795,36.79492,0
29742.0,29417.725,324.2754,0
30127.0,29623.656,503.34375,0
31610.0,31405.717,204.2832,0
30901.0,31168.0,267.0,0
29206.0,29109.361,96.63867,0
26567.0,26748.812,181.8125,0
24032.0,23965.34,66.66016,0
22301.0,22076.791,224.20898,0
21362.0,21239.895,122.10547,0
20814.0,20797.055,16.945312,0
20733.0,20576.676,156.32422,0
20927.0,21044.023,117.02344,0
22895.0,22578.945,316.0547,0
26600.0,26415.764,184.23633,0
28608.0,28985.25,377.25,0
29277.0,29464.74,187.74023,0
29912.0,30005.766,93.765625,0
30445.0,30502.527,57.527344,0
30516.0,30666.068,150.06836,0
30231.0,30562.732,331.73242,0
30194.0,30082.729,111.271484,0
29950.0,30002.107,52.10742,0
29497.0,29652.168,155.16797,0
29292.0,29163.143,128.85742,0
28911.0,28839.195,71.80469,0
28961.0,28658.668,302.33203,0
30039.0,30277.717,238.7168,0
29551.0,29621.883,70.88281,0
28070.0,27912.771,157.22852,0
26114.0,25823.012,290.98828,0
23945.0,23728.104,216.89648,0
22154.0,21867.193,286.80664,0
21015.0,20832.93,182.07031,0
20288.0,20193.766,94.234375,0
19975.0,19904.154,70.8457,0
19992.0,20032.373,40.373047,0
20588.0,20515.846,72.1543,0
21727.0,21580.867,146.13281,0
22869.0,23268.914,399.91406,0
24828.0,24724.99,103.009766,0
26189.0,26388.74,199.74023,0
26845.0,26929.746,84.74609,0
26715.0,27001.92,286.91992,0
26305.0,26483.354,178.35352,0
25887.0,25843.469,43.53125,0
25391.0,25434.053,43.052734,0
25080.0,25126.287,46.28711,0
25117.0,25095.107,21.892578,0
25182.0,25069.016,112.984375,0
25692.0,25480.572,211.42773,0
27250.0,27290.246,40.246094,0
26982.0,26978.066,3.9335938,0
25956.0,25515.873,440.12695,0
24609.0,24104.242,504.7578,0
22841.0,22595.406,245.59375,0
21091.0,21073.645,17.355469,0
20137.0,19903.076,233.92383,0
19497.0,19375.605,121.39453,0
19238.0,19076.582,161.41797,0
19188.0,19160.79,27.210938,0
19491.0,19458.992,32.007812,0
20166.0,20103.879,62.121094,0
21036.0,21220.867,184.86719,0
22876.0,22629.996,246.0039,0
24337.0,24480.727,143.72656,0
24924.0,25361.035,437.03516,0
25150.0,25280.746,130.7461,0
24913.0,25204.48,291.48047,0
24755.0,24664.771,90.228516,0
24884.0,24574.674,309.32617,0
24936.0,25051.318,115.31836,0
25316.0,25290.188,25.8125,0
25934.0,25511.57,422.4297,0
26888.0,26298.53,589.4707,0
28295.0,28164.61,130.39062,0
28159.0,27752.424,406.57617,0
26859.0,26732.936,126.06445,0
24941.0,24954.588,13.587891,0
22827.0,22833.895,6.8945312,0
21478.0,21130.012,347.98828,0
20543.0,20670.43,127.42969,0
20205.0,20243.484,38.484375,0
20163.0,20175.605,12.605469,0
20709.0,20668.547,40.453125,0
22578.0,22552.146,25.853516,0
26532.0,26281.535,250.46484,0
29016.0,29269.01,253.00977,0
29812.0,29857.576,45.57617,0
30368.0,30594.219,226.21875,0
30753.0,31136.172,383.17188,0
30843.0,30979.787,136.78711,0
30630.0,30957.336,327.33594,0
30558.0,30635.81,77.81055,0
30230.0,30479.92,249.91992,0
30007.0,30007.709,0.7089844,0
29963.0,30031.863,68.86328,0
29996.0,30060.79,64.78906,0
30180.0,30884.297,704.2969,0
31855.0,31217.986,637.0137,0
31334.0,31362.83,28.830078,0
29586.0,29531.188,54.8125,0
26926.0,26874.094,51.90625,0
24364.0,24296.902,67.09766,0
22531.0,22467.113,63.88672,0
21507.0,21540.936,33.935547,0
21124.0,21020.938,103.0625,0
20908.0,21008.014,100.01367,0
21387.0,21369.945,17.054688,0
23255.0,23284.074,29.074219,0
27250.0,27133.562,116.4375,0
29130.0,29743.674,613.6738,0
29697.0,29449.2,247.80078,0
30037.0,30295.305,258.3047,0
30835.0,30583.572,251.42773,0
31175.0,31156.271,18.728516,0
31238.0,31377.717,139.7168,0
31599.0,31367.09,231.91016,0
31731.0,31699.541,31.458984,0
31537.0,31721.836,184.83594,0
31483.0,31439.594,43.40625,0
31198.0,31342.57,144.57031,0
31079.0,31770.715,691.71484,0
32559.0,32061.28,497.7207,0
31943.0,32024.36,81.359375,0
30100.0,30091.115,8.884766,0
27145.0,27357.795,212.79492,0
24521.0,24400.055,120.94531,0
22634.0,22550.006,83.99414,0
21663.0,21588.91,74.08984,0
21134.0,21098.598,35.402344,0
20854.0,20905.352,51.351562,0
21146.0,21199.643,53.64258,0
22987.0,22913.812,73.1875,0
26883.0,26807.707,75.29297,0
28985.0,29380.37,395.36914,0
29749.0,29543.688,205.3125,0
30439.0,30378.646,60.353516,0
31482.0,31136.969,345.03125,0
32389.0,31949.088,439.9121,0
32759.0,32865.74,106.73828,0
33339.0,33106.668,232.33203,0
33490.0,33628.754,138.7539,0
33537.0,33478.69,58.308594,0
33451.0,33453.715,2.7148438,0
32921.0,32942.73,21.730469,0
32446.0,32928.562,482.5625,0
34004.0,33449.355,554.64453,0
33262.0,33521.816,259.8164,0
31263.0,31323.92,60.91992,0
28369.0,28481.143,112.14258,0
25512.0,25531.168,19.167969,0
23518.0,23396.424,121.57617,0
22258.0,22354.33,96.33008,0
21679.0,21584.5,94.5,0
21448.0,21357.676,90.32422,0
21701.0,21713.498,12.498047,0
23513.0,23379.406,133.59375,0
27353.0,27281.42,71.58008,0
29389.0,29797.795,408.79492,0
30133.0,29998.588,134.41211,0
31331.0,30728.84,602.16016,0
32637.0,32206.38,430.61914,0
33541.0,33305.867,235.13281,0
33694.0,34112.195,418.1953,0
34171.0,33954.227,216.77344,0
34123.0,34366.805,243.80469,0
34133.0,33961.37,171.6289,0
34023.0,33972.56,50.441406,0
33367.0,33422.637,55.63672,0
32867.0,33116.33,249.32812,0
34055.0,33843.77,211.23047,0
33177.0,33481.5,304.5,0
31094.0,31244.89,150.89062,0
28224.0,28373.156,149.15625,0
25291.0,25410.803,119.802734,0
23327.0,23153.355,173.64453,0
22028.0,22138.68,110.67969,0
21551.0,21318.484,232.51562,0
21234.0,21206.879,27.121094,0
21299.0,21429.604,130.60352,0
23030.0,22828.47,201.5293,0
26755.0,26664.496,90.50391,0
28728.0,29233.727,505.72656,0
29675.0,29468.424,206.57617,0
30624.0,30364.857,259.14258,0
31865.0,31403.242,461.7578,0
32649.0,32471.625,177.375,0
32834.0,33124.777,290.77734,0
33275.0,33070.758,204.24219,0
33400.0,33444.74,44.73828,0
33313.0,33333.586,20.585938,0
33034.0,33052.15,18.148438,0
32097.0,32302.162,205.16211,0
31493.0,31742.18,249.17969,0
32341.0,32574.068,233.06836,0
31298.0,31704.027,406.02734,0
29861.0,29410.426,450.57422,0
27562.0,27490.469,71.53125,0
25221.0,25043.016,177.98438,0
23372.0,23059.475,312.5254,0
22183.0,21998.916,184.08398,0
21396.0,21300.172,95.828125,0
21013.0,20928.506,84.49414,0
20936.0,20993.625,57.625,0
21541.0,21393.816,147.1836,0
22656.0,22498.121,157.8789,0
24052.0,24098.334,46.333984,0
26039.0,25974.215,64.78516,0
27510.0,27469.96,40.039062,0
27889.0,28214.633,325.6328,0
27458.0,27998.527,540.52734,0
26824.0,27180.824,356.82422,0
26170.0,26350.215,180.21484,0
25582.0,25679.916,97.916016,0
25264.0,25299.63,35.63086,0
25272.0,25315.746,43.746094,0
25161.0,25594.3,433.30078,0
25724.0,26144.059,420.0586,0
27207.0,26888.986,318.01367,0
26870.0,26678.48,191.51953,0
25839.0,25540.615,298.38477,0
24484.0,24022.168,461.83203,0
22756.0,22501.572,254.42773,0
21361.0,21021.52,339.48047,0
20248.0,20195.393,52.60742,0
19612.0,19515.307,96.69336,0
19309.0,19240.324,68.67578,0
19299.0,19308.465,9.464844,0
19708.0,19681.71,26.289062,0
20598.0,20433.45,164.55078,0
21487.0,21693.799,206.79883,0
23176.0,22909.268,266.73242,0
24339.0,24517.709,178.70898,0
24832.0,25018.15,186.15039,0
24898.0,25122.656,224.65625,0
24713.0,24946.94,233.93945,0
24456.0,24566.154,110.1543,0
24154.0,24287.855,133.85547,0
24071.0,24161.975,90.97461,0
24425.0,24437.293,12.292969,0
25016.0,25094.209,78.208984,0
26063.0,26164.822,101.822266,0
28118.0,26790.768,1327.2324,1
28015.0,27540.707,474.29297,0
26918.0,26658.76,259.24023,0
25348.0,25051.814,296.18555,0
23631.0,23326.676,304.32422,0
22242.0,21999.803,242.19727,0
21466.0,21431.943,34.05664,0
21242.0,21219.293,22.707031,0
21299.0,21343.809,44.808594,0
21881.0,21952.998,71.99805,0
23620.0,23818.262,198.26172,0
27193.0,27173.01,19.990234,0
29376.0,29621.479,245.47852,0
30277.0,30062.725,214.27539,0
30711.0,31025.531,314.53125,0
30954.0,31305.777,351.77734,0
30688.0,31084.77,396.76953,0
30177.0,30652.803,475.80273,0
29800.0,30020.488,220.48828,0
29428.0,29535.242,107.24219,0
28995.0,29176.873,181.87305,0
29013.0,28957.838,55.16211,0
29211.0,29515.258,304.2578,0
30284.0,30374.479,90.478516,0
32070.0,31207.72,862.2793,0
31600.0,31413.402,186.59766,0
30188.0,29854.738,333.26172,0
27764.0,27592.324,171.67578,0
25600.0,25210.717,389.2832,0
23991.0,23742.285,248.71484,0
23267.0,23040.723,226.27734,0
22992.0,22865.08,126.91992,0
23084.0,23016.371,67.62891,0
23671.0,23742.742,71.74219,0
25794.0,25684.959,109.041016,0
29937.0,29715.424,221.57617,0
31921.0,32139.979,218.97852,0
31981.0,31882.916,98.083984,0
31600.0,32060.17,460.16992,0
31365.0,31629.207,264.20703,0
30944.0,31150.928,206.92773,0
30503.0,30775.438,272.4375,0
30342.0,30325.643,16.357422,0
29905.0,30136.473,231.47266,0
29663.0,29564.852,98.14844,0
29663.0,29672.045,9.044922,0
29772.0,30197.348,425.34766,0
30544.0,30813.258,269.2578,0
32153.0,31211.57,941.4297,0
31482.0,31516.176,34.17578,0
29869.0,29737.91,131.08984,0
27275.0,27245.414,29.585938,0
25090.0,24684.188,405.8125,0
23293.0,23240.006,52.99414,0
22531.0,22333.355,197.64453,0
22236.0,22076.836,159.16406,0
22191.0,22180.85,10.150391,0
22714.0,22738.887,24.886719,0
24690.0,24682.629,7.3710938,0
28676.0,28502.123,173.87695,0
30644.0,30891.984,247.98438,0
30660.0,30795.623,135.62305,0
30511.0,30806.678,295.67773,0
30618.0,30693.271,75.271484,0
30591.0,30575.592,15.408203,0
30350.0,30579.635,229.63477,0
30467.0,30275.035,191.96484,0
30304.0,30397.639,93.63867,0
30089.0,30078.9,10.099609,0
30080.0,30004.295,75.70508,0
29989.0,30245.65,256.6504,0
30747.0,30755.395,8.394531,0
32189.0,31522.178,666.82227,0
31447.0,31467.914,20.914062,0
29680.0,29714.121,34.121094,0
26995.0,27100.934,105.93359,0
24662.0,24380.107,281.89258,0
22950.0,22787.453,162.54688,0
21872.0,21971.23,99.23047,0
21364.0,21366.365,2.3652344,0
21201.0,21212.906,11.90625,0
21712.0,21623.525,88.47461,0
23558.0,23560.777,2.7773438,0
27389.0,27262.355,126.64453,0
29604.0,29713.291,109.291016,0
29915.0,30085.656,170.65625,0
30311.0,30202.297,108.703125,0
30983.0,30774.498,208.50195,0
31208.0,31225.535,17.535156,0
31216.0,31333.863,117.86328,0
31437.0,31278.348,158.65234,0
31441.0,31433.342,7.658203,0
31385.0,31307.998,77.00195,0
31134.0,31261.855,127.85547,0
30898.0,30710.521,187.47852,0
31272.0,31366.87,94.86914,0
32667.0,32136.234,530.7656,0
31765.0,31931.178,166.17773,0
30026.0,29984.26,41.740234,0
27331.0,27506.115,175.11523,0
24779.0,24696.615,82.384766,0
22828.0,22818.822,9.177734,0
21601.0,21772.98,171.98047,0
21064.0,21025.402,38.597656,0
20765.0,20830.754,65.75391,0
21118.0,21043.357,74.64258,0
22991.0,22777.057,213.94336,0
26712.0,26674.703,37.296875,0
28839.0,29105.47,266.4707,0
29426.0,29503.762,77.76172,0
30127.0,29883.705,243.29492,0
30920.0,30753.71,166.28906,0
31247.0,31275.844,28.84375,0
31617.0,31427.225,189.77539,0
31740.0,31841.902,101.90234,0
31578.0,31724.955,146.95508,0
31197.0,31359.326,162.32617,0
30760.0,30761.154,1.1542969,0
30185.0,30188.955,3.9550781,0
30726.0,30420.281,305.71875,0
31232.0,31791.285,559.28516,0
30180.0,30249.135,69.134766,0
28735.0,28478.799,256.20117,0
26578.0,26502.865,75.134766,0
24492.0,24176.578,315.42188,0
22403.0,22442.578,39.578125,0
21236.0,21130.365,105.634766,0
20547.0,20446.18,100.82031,0
20038.0,20170.502,132.50195,0
20036.0,20095.277,59.277344,0
20508.0,20576.193,68.19336,0
21665.0,21474.318,190.68164,0
22829.0,23105.578,276.57812,0
24714.0,24612.543,101.45703,0
26359.0,26155.871,203.1289,0
27308.0,27210.648,97.35156,0
27670.0,27702.854,32.853516,0
27718.0,27745.148,27.148438,0
27773.0,27570.178,202.82227,0
27514.0,27638.459,124.458984,0
27337.0,27410.914,73.91406,0
27229.0,27349.668,120.66797,0
27279.0,26991.746,287.2539,0
28157.0,27982.01,174.99023,0
29175.0,29247.291,72.291016,0
28382.0,28365.574,16.425781,0
27014.0,26931.428,82.572266,0
25282.0,25072.408,209.5918,0
23545.0,23179.094,365.90625,0
21796.0,21762.332,33.66797,0
20556.0,20598.172,42.171875,0
19859.0,19784.117,74.88281,0
19382.0,19440.584,58.583984,0
19227.0,19298.695,71.69531,0
19610.0,19510.746,99.25391,0
20256.0,20294.57,38.570312,0
21131.0,21290.566,159.5664,0
22559.0,22719.203,160.20312,0
24200.0,23954.672,245.32812,0
25132.0,25244.832,112.83203,0
25590.0,25755.031,165.03125,0
25871.0,25915.559,44.558594,0
25881.0,25997.17,116.16992,0
25688.0,25902.318,214.31836,0
25729.0,25787.926,58.92578,0
26123.0,26082.996,40.003906,0
26800.0,26472.188,327.8125,0
28474.0,27630.127,843.87305,0
29442.0,29249.67,192.33008,0
28755.0,28486.994,268.00586,0
27397.0,27346.922,50.078125,0
25467.0,25495.023,28.023438,0
23303.0,23373.602,70.60156,0
21834.0,21588.732,245.26758,0
20747.0,20987.281,240.28125,0
20256.0,20383.639,127.63867,0
20106.0,20169.268,63.26758,0
20455.0,20564.09,109.08984,0
22409.0,22169.697,239.30273,0
26346.0,26171.312,174.6875,0
28682.0,29146.95,464.94922,0
29388.0,29527.2,139.19922,0
30197.0,30181.81,15.189453,0
30724.0,31071.777,347.77734,0
30907.0,31037.988,130.98828,0
30993.0,31088.111,95.11133,0
30901.0,31129.287,228.28711,0
30849.0,30831.164,17.835938,0
30644.0,30800.414,156.41406,0
30527.0,30621.393,94.39258,0
30390.0,30525.455,135.45508,0
31081.0,31174.275,93.27539,0
32262.0,32254.2,7.8007812,0
31225.0,31560.158,335.1582,0
29394.0,29313.807,80.19336,0
26555.0,26646.1,91.09961,0
24272.0,23908.398,363.60156,0
22522.0,22370.879,151.1211,0
21464.0,21513.055,49.054688,0
21049.0,20933.547,115.453125,0
20901.0,20895.924,5.076172,0
21421.0,21372.938,48.0625,0
23422.0,23373.748,48.251953,0
27601.0,27361.984,239.01562,0
29751.0,30076.545,325.54492,0
30035.0,30082.922,47.921875,0
30165.0,30463.855,298.85547,0
30737.0,30608.078,128.92188,0
30900.0,30934.79,34.789062,0
30725.0,31014.176,289.17578,0
30717.0,30747.906,30.90625,0
30613.0,30637.215,24.214844,0
30565.0,30465.293,99.70703,0
30342.0,30625.32,283.3203,0
30729.0,30248.414,480.58594,0
31848.0,31817.72,30.279297,0
32357.0,32567.748,210.74805,0
31319.0,31439.758,120.75781,0
29453.0,29522.562,69.5625,0
26729.0,26771.988,42.98828,0
24265.0,24090.383,174.61719,0
22658.0,22377.45,280.55078,0
21618.0,21660.979,42.978516,0
21228.0,21086.922,141.07812,0
21146.0,21058.477,87.52344,0
21764.0,21608.746,155.2539,0
23626.0,23767.975,141.97461,0
27746.0,27402.055,343.9453,0
30189.0,30127.383,61.617188,0
30350.0,30627.008,277.0078,0
30452.0,30590.936,138.93555,0
30691.0,30816.553,125.552734,0
30505.0,30729.248,224.24805,0
30335.0,30442.068,107.06836,0
30114.0,30294.717,180.7168,0
29854.0,29896.244,42.24414,0
29914.0,29619.037,294.9629,0
29835.0,30001.014,166.01367,0
30102.0,29849.527,252.47266,0
31408.0,31002.807,405.19336,0
32405.0,32108.191,296.8086,0
31584.0,31523.371,60.628906,0
29962.0,29875.898,86.10156,0
27801.0,27435.225,365.7754,0
25351.0,25268.209,82.791016,0
23558.0,23465.41,92.58984,0
22697.0,22555.086,141.91406,0
22403.0,22226.082,176.91797,0
22353.0,22327.695,25.304688,0
22947.0,22858.227,88.77344,0
24943.0,24895.93,47.070312,0
29323.0,28692.523,630.47656,0
31170.0,31680.895,510.89453,0
31356.0,31149.125,206.875,0
31237.0,31424.492,187.49219,0
30908.0,31376.025,468.0254,0
30672.0,30654.086,17.914062,0
30511.0,30520.893,9.892578,0
30302.0,30406.775,104.77539,0
29952.0,30071.014,119.01367,0
29434.0,29606.713,172.71289,0
29506.0,29069.752,436.24805,0
29722.0,29867.406,145.40625,0
31075.0,30481.605,593.39453,0
32384.0,31642.037,741.9629,0
31660.0,31558.484,101.515625,0
30284.0,30044.402,239.59766,0
27823.0,27929.504,106.50391,0
25551.0,25297.875,253.125,0
23911.0,23673.383,237.61719,0
22889.0,22946.215,57.214844,0
22603.0,22429.79,173.21094,0
22647.0,22555.709,91.291016,0
23198.0,23192.342,5.658203,0
25107.0,25068.996,38.003906,0
29065.0,28693.596,371.4043,0
31338.0,31271.098,66.90234,0
31420.0,31614.844,194.84375,0
31212.0,31330.457,118.45703,0
31200.0,31225.672,25.671875,0
30895.0,31042.963,147.96289,0
30356.0,30710.246,354.2461,0
29979.0,30083.748,104.74805,0
29614.0,29595.373,18.626953,0
29137.0,29187.488,50.48828,0
28835.0,28774.537,60.46289,0
28651.0,28918.43,267.4297,0
29988.0,29453.059,534.9414,0
30514.0,30709.094,195.09375,0
29645.0,29506.553,138.44727,0
28371.0,28102.662,268.3379,0
26469.0,26262.602,206.39844,0
24327.0,24184.09,142.91016,0
22385.0,22337.334,47.666016,0
21388.0,21175.68,212.32031,0
20872.0,20660.295,211.70508,0
20652.0,20558.395,93.60547,0
20747.0,20797.312,50.3125,0
21293.0,21397.727,104.72656,0
22627.0,22357.85,269.1504,0
23931.0,24125.166,194.16602,0
25577.0,25589.287,12.287109,0
26605.0,26698.525,93.52539,0
26887.0,26998.428,111.427734,0
26729.0,26863.4,134.40039,0
26392.0,26498.842,106.8418,0
25830.0,26000.93,170.92969,0
25287.0,25362.31,75.31055,0
24984.0,24999.201,15.201172,0
24937.0,25037.008,100.00781,0
25161.0,25300.8,139.80078,0
26603.0,26370.2,232.80078,0
27604.0,27570.047,33.953125,0
26823.0,26763.896,59.103516,0
25707.0,25438.805,268.1953,0
24247.0,23898.203,348.79688,0
22632.0,22283.168,348.83203,0
21137.0,20934.965,202.03516,0
20035.0,20002.227,32.773438,0
19423.0,19322.096,100.9043,0
19274.0,19064.135,209.86523,0
19121.0,19287.805,166.80469,0
19618.0,19478.02,139.98047,0
20573.0,20378.531,194.46875,0
21453.0,21702.703,249.70312,0
22957.0,22880.8,76.19922,0
24008.0,24185.34,177.33984,0
24348.0,24634.69,286.68945,0
24622.0,24582.27,39.73047,0
24750.0,24750.795,0.7949219,0
24631.0,24721.379,90.37891,0
24449.0,24537.98,88.98047,0
24439.0,24518.047,79.046875,0
24909.0,24812.24,96.759766,0
25757.0,25548.752,208.24805,0
27549.0,26840.918,708.08203,0
28977.0,28147.186,829.81445,0
28293.0,28122.363,170.63672,0
26884.0,26855.945,28.054688,0
24967.0,24968.938,1.9375,0
22883.0,22909.578,26.578125,0
21427.0,21229.395,197.60547,0
20502.0,20638.332,136.33203,0
20116.0,20208.543,92.54297,0
19974.0,20101.926,127.92578,0
20632.0,20493.258,138.74219,0
22472.0,22549.574,77.57422,0
26347.0,26132.48,214.51953,0
29009.0,29023.059,14.058594,0
29660.0,29894.25,234.25,0
30252.0,30318.008,66.00781,0
31169.0,31006.465,162.53516,0
31534.0,31579.69,45.689453,0
31734.0,31776.285,42.285156,0
32060.0,31962.043,97.95703,0
32007.0,32184.766,177.76562,0
31883.0,31947.248,64.24805,0
31811.0,31871.854,60.853516,0
31857.0,31657.807,199.19336,0
32891.0,32539.855,351.14453,0
33334.0,33959.46,625.46094,0
32141.0,32443.88,302.88086,0
30410.0,30206.893,203.10742,0
27341.0,27629.041,288.04102,0
24708.0,24569.283,138.7168,0
22820.0,22700.484,119.515625,0
21756.0,21752.068,3.9316406,0
21208.0,21171.918,36.08203,0
20987.0,20969.887,17.113281,0
21394.0,21368.873,25.126953,0
23232.0,23272.705,40.70508,0
27107.0,27140.15,33.15039,0
29650.0,29591.613,58.38672,0
30107.0,30377.582,270.58203,0
30643.0,30606.514,36.48633,0
31191.0,31304.4,113.40039,0
31435.0,31449.334,14.333984,0
31564.0,31603.354,39.353516,0
31682.0,31726.473,44.472656,0
31572.0,31707.879,135.8789,0
31740.0,31464.373,275.62695,0
31623.0,31880.844,257.84375,0
31556.0,31397.502,158.49805,0
32973.0,32188.973,784.02734,0
33387.0,34023.105,636.10547,0
32444.0,32375.98,68.01953,0
30558.0,30594.836,36.835938,0
27604.0,27829.564,225.56445,0
25145.0,24835.969,309.03125,0
23459.0,23163.287,295.7129,0
22258.0,22407.533,149.5332,0
21762.0,21666.16,95.83984,0
21522.0,21537.742,15.7421875,0
21851.0,21894.395,43.39453,0
23831.0,23662.338,168.66211,0
27686.0,27755.928,69.927734,0
30267.0,30028.94,238.06055,0
30738.0,30934.035,196.03516,0
31432.0,31114.256,317.74414,0
32379.0,32062.672,316.32812,0
32851.0,32795.246,55.753906,0
33179.0,33159.465,19.535156,0
33667.0,33479.098,187.90234,0
33943.0,33887.203,55.796875,0
33888.0,34027.85,139.85156,0
33805.0,33715.062,89.9375,0
33351.0,33351.33,0.328125,0
34403.0,33450.766,952.2344,0
34789.0,35530.36,741.3594,0
33626.0,33783.117,157.11719,0
31734.0,31683.668,50.33203,0
28837.0,29013.09,176.08984,0
25994.0,25979.953,14.046875,0
24002.0,23843.441,158.5586,0
22907.0,22820.195,86.80469,0
22211.0,22234.12,23.11914,0
21915.0,21865.475,49.52539,0
22360.0,22168.525,191.47461,0
24291.0,24155.396,135.60352,0
28380.0,28115.727,264.27344,0
30806.0,30810.234,4.234375,0
31372.0,31402.521,30.521484,0
32198.0,31745.611,452.38867,0
33025.0,32847.19,177.8086,0
32992.0,33416.383,424.3828,0
32370.0,33080.613,710.6133,0
32286.0,32157.217,128.7832,0
31800.0,32097.068,297.06836,0
31396.0,31371.033,24.966797,0
31053.0,31100.643,47.64258,0
30720.0,30705.297,14.703125,0
31731.0,31228.773,502.22656,0
32365.0,32716.387,351.38672,0
31138.0,31370.496,232.4961,0
29491.0,29346.984,144.01562,0
26839.0,27044.37,205.36914,0
24379.0,24252.488,126.51172,0
22512.0,22446.453,65.546875,0
21506.0,21473.797,32.203125,0
20923.0,20944.719,21.71875,0
20868.0,20684.445,183.55469,0
21348.0,21227.645,120.35547,0
23000.0,23124.273,124.27344,0
26845.0,26506.25,338.75,0
29597.0,29261.07,335.9297,0
30123.0,30397.184,274.1836,0
30356.0,30398.904,42.904297,0
30670.0,30745.773,75.77344,0
30286.0,30746.246,460.2461,0
29882.0,30094.506,212.50586,0
29708.0,29686.832,21.167969,0
29469.0,29454.148,14.8515625,0
29037.0,29192.537,155.53711,0
28859.0,28712.045,146.95508,0
29337.0,28755.422,581.5781,0
30858.0,30220.973,637.02734,0
31204.0,31316.033,112.0332,0
30324.0,30124.47,199.5293,0
29235.0,28783.62,451.38086,0
27402.0,27141.035,260.96484,0
25469.0,25105.176,363.82422,0
23470.0,23447.129,22.871094,0
22519.0,22238.895,280.10547,0
21854.0,21778.672,75.328125,0
21670.0,21552.756,117.24414,0
21638.0,21834.45,196.44922,0
22243.0,22288.898,45.898438,0
23558.0,23336.508,221.49219,0
24919.0,25053.652,134.65234,0
26468.0,26577.28,109.2793,0
27531.0,27495.139,35.86133,0
27910.0,27853.219,56.78125,0
27625.0,27878.705,253.70508,0
26992.0,27335.979,343.97852,0
26589.0,26480.564,108.43555,0
26154.0,26148.158,5.841797,0
26158.0,25884.125,273.875,0
26475.0,26347.08,127.91992,0
27260.0,26868.254,391.7461,0
28837.0,28223.25,613.75,0
29082.0,29366.53,284.5293,0
28336.0,28079.361,256.63867,0
27445.0,26971.3,473.69922,0
26214.0,25611.494,602.50586,0
24708.0,24205.963,502.0371,0
23017.0,22942.852,74.14844,0
22176.5,21795.014,381.48633,0
21336.0,21390.336,54.335938,0
21265.0,20911.184,353.8164,0
21519.0,21272.906,246.09375,0
22169.0,21979.412,189.58789,0
23124.0,23032.906,91.09375,0
24510.0,24299.422,210.57812,0
25849.0,26090.377,241.37695,0
26447.0,26761.08,314.08008,0
26446.0,26593.576,147.57617,0
26084.0,26359.158,275.1582,0
25652.0,25871.918,219.91797,0
25211.0,25349.16,138.16016,0
24883.0,24919.535,36.535156,0
24912.0,24822.207,89.79297,0
25864.0,25334.023,529.97656,0
28754.0,27090.033,1663.9668,1
30121.0,30000.646,120.353516,0
29601.0,29478.037,122.96289,0
29127.0,28627.541,499.45898,0
27800.0,27904.96,104.96094,0
26017.0,25912.623,104.37695,0
24427.0,23929.275,497.7246,0
23503.0,22861.602,641.39844,0
23024.0,22729.967,294.0332,0
22998.0,22756.15,241.84961,0
23275.0,23111.424,163.57617,0
24193.0,24053.56,139.43945,0
26443.0,26422.93,20.070312,0
30517.0,30142.346,374.6543,0
32120.0,32695.8,575.8008,0
32079.0,32185.645,106.64453,0
31784.0,32278.287,494.2871,0
31511.0,31829.416,318.41602,0
31124.0,31304.879,180.8789,0
30619.0,31019.45,400.44922,0
30411.0,30446.988,35.98828,0
30094.0,30207.354,113.353516,0
29783.0,29848.963,65.96289,0
30324.0,29853.1,470.9004,0
32912.0,31455.672,1456.3281,1
33678.0,34435.9,757.89844,0
32902.0,33263.152,361.15234,0
31774.0,31984.803,210.80273,0
29948.0,30048.396,100.396484,0
27264.0,27164.861,99.13867,0
24921.0,24643.172,277.82812,0
23229.0,23076.164,152.83594,0
22494.0,22243.885,250.11523,0
22290.0,21980.084,309.91602,0
22214.0,22176.924,37.07617,0
22868.0,22753.46,114.53906,0
24977.0,25028.395,51.39453,0
28675.0,28927.16,252.16016,0
30656.0,30636.062,19.9375,0
30619.0,30962.201,343.20117,0
30608.0,30892.559,284.5586,0
30666.0,30875.164,209.16406,0
30728.0,30647.057,80.94336,0
30258.0,30782.676,524.6758,0
30145.0,30127.822,17.177734,0
29864.0,30004.775,140.77539,0
29590.0,29596.826,6.826172,0
30010.0,29603.31,406.68945,0
32565.0,30726.47,1838.5293,1
33175.0,34074.137,899.1367,0
32435.0,32677.674,242.67383,0
31523.0,31513.385,9.615234,0
29764.0,29918.377,154.37695,0
27259.0,27098.807,160.19336,0
25035.0,24650.996,384.0039,0
23350.0,23190.5,159.5,0
22610.0,22365.742,244.25781,0
22345.0,22103.02,241.98047,0
22379.0,22230.955,148.04492,0
23050.0,22930.617,119.38281,0
25278.0,25178.494,99.50586,0
29107.0,29184.475,77.47461,0
31171.0,31030.203,140.79688,0
31338.0,31381.223,43.222656,0
31242.0,31541.41,299.41016,0
31453.0,31404.527,48.472656,0
31205.0,31428.209,223.20898,0
30928.0,31123.082,195.08203,0
30614.0,30840.135,226.13477,0
29906.0,30335.553,429.55273,0
29813.0,29395.703,417.29688,0
30320.0,29840.654,479.3457,0
32387.0,31006.033,1380.9668,1
32095.0,33505.72,1410.7188,1
31083.0,31594.361,511.36133,0
30575.0,30194.969,380.03125,0
29333.0,29133.617,199.38281,0
26808.0,26904.594,96.59375,0
24262.0,24207.51,54.490234,0
22595.0,22341.51,253.49023,0
21778.0,21672.275,105.72461,0
21498.0,21323.611,174.38867,0
21547.0,21385.088,161.91211,0
22187.0,22086.484,100.515625,0
24296.0,24129.893,166.10742,0
27937.0,28119.793,182.79297,0
29680.0,30067.508,387.5078,0
30091.0,29914.275,176.72461,0
30233.0,30303.514,70.51367,0
30505.0,30380.062,124.9375,0
30507.0,30413.684,93.31641,0
30479.0,30366.291,112.708984,0
30548.0,30384.334,163.66602,0
30242.0,30441.498,199.49805,0
29924.0,30021.47,97.4707,0
30439.0,30343.195,95.80469,0
32783.0,32480.943,302.05664,0
33080.0,33173.53,93.53125,0
32485.0,32335.008,149.99219,0
31420.0,31600.367,180.36719,0
29491.0,29919.203,428.20312,0
26810.0,27025.672,215.67188,0
24560.0,24190.75,369.25,0
22628.0,22712.348,84.34766,0
21610.0,21649.588,39.58789,0
21184.0,21075.836,108.16406,0
21099.0,21021.383,77.61719,0
21613.0,21559.064,53.935547,0
23525.0,23407.188,117.8125,0
27190.0,27117.045,72.95508,0
29179.0,29480.955,301.95508,0
30111.0,29650.844,460.15625,0
30505.0,30465.912,39.08789,0
30991.0,30728.09,262.91016,0
31400.0,30966.988,433.01172,0
31171.0,31388.86,217.85938,0
31033.0,30980.654,52.345703,0
30966.0,30789.078,176.92188,0
30503.0,30808.256,305.25586,0
30604.0,30668.844,64.84375,0
32521.0,32279.906,241.09375,0
32385.0,33099.28,714.28125,0
31103.0,31467.799,364.79883,0
29704.0,30046.107,342.10742,0
27949.0,28245.404,296.4043,0
25987.0,25765.508,221.49219,0
23983.0,23685.812,297.1875,0
22243.0,22091.193,151.80664,0
21250.0,21028.863,221.13672,0
20584.0,20460.406,123.59375,0
20133.0,20200.82,67.82031,0
20066.0,20213.5,147.5,0
20809.0,20637.443,171.55664,0
21883.0,21845.725,37.27539,0
23177.0,23230.543,53.54297,0
25404.0,24852.684,551.3164,0
26893.0,26916.51,23.509766,0
27377.0,27473.86,96.859375,0
27355.0,27292.928,62.072266,0
26887.0,27051.342,164.3418,0
26140.0,26410.314,270.31445,0
25587.0,25548.654,38.345703,0
25295.0,25264.4,30.59961,0
25642.0,25994.668,352.66797,0
28077.0,27738.79,338.21094,0
28503.0,28789.07,286.0703,0
27694.0,27867.406,173.40625,0
26823.0,26853.436,30.435547,0
25745.0,25638.818,106.18164,0
24276.0,24020.08,255.91992,0
22344.0,22332.336,11.6640625,0
20901.0,20646.477,254.52344,0
19895.0,19788.742,106.25781,0
19543.0,19205.988,337.01172,0
19204.0,19194.434,9.566406,0
19544.0,19222.13,321.86914,0
19922.0,20055.719,133.71875,0
20600.0,20696.629,96.62891,0
21780.0,21630.936,149.06445,0
23312.0,23243.78,68.2207,0
24319.0,24570.875,251.875,0
24622.0,24775.72,153.7207,0
24734.0,24638.084,95.916016,0
24722.0,24641.176,80.82422,0
24427.0,24546.754,119.75391,0
24207.0,24168.805,38.195312,0
24197.0,24247.379,50.378906,0
25158.0,25325.688,167.6875,0
28225.0,27547.408,677.5918,0
28886.0,28655.299,230.70117,0
28312.0,28236.297,75.703125,0
27516.0,27459.37,56.63086,0
26247.0,26300.57,53.570312,0
24392.0,24464.459,72.458984,0
22716.0,22392.492,323.5078,0
21426.0,21090.363,335.63672,0
20367.0,20643.082,276.08203,0
20412.0,20057.64,354.35938,0
20384.0,20514.857,130.85742,0
21213.0,21096.496,116.50391,0
23463.0,23315.693,147.30664,0
27234.0,27301.658,67.6582,0
29381.0,29608.248,227.24805,0
30099.0,29943.424,155.57617,0
30501.0,30642.273,141.27344,0
30874.0,30889.645,15.644531,0
30789.0,30898.74,109.740234,0
30536.0,30686.043,150.04297,0
30456.0,30417.096,38.904297,0
30121.0,30349.613,228.61328,0
30049.0,30045.72,3.2792969,0
30981.0,30951.977,29.023438,0
33590.0,33237.613,352.38672,0
34003.0,34037.848,34.847656,0
33139.0,33436.246,297.2461,0
32097.0,32225.61,128.60938,0
30317.0,30359.174,42.17383,0
27679.0,27537.717,141.2832,0
25216.0,24983.537,232.46289,0
23570.0,23318.547,251.45312,0
22845.0,22579.773,265.22656,0
22409.0,22334.447,74.552734,0
22402.0,22284.508,117.49219,0
23101.0,23025.71,75.28906,0
25247.0,25221.79,25.210938,0
29037.0,29177.305,140.30469,0
30658.0,31179.498,521.49805,0
30784.0,30749.672,34.328125,0
30722.0,30971.156,249.15625,0
30633.0,30796.645,163.64453,0
30301.0,30418.168,117.16797,0
29904.0,30076.846,172.8457,0
29798.0,29684.041,113.958984,0
29438.0,29650.656,212.65625,0
29227.0,29368.135,141.13477,0
29927.0,30226.71,299.71094,0
32887.0,32304.8,582.1992,0
33269.0,33392.62,123.62109,0
32625.0,32582.768,42.23242,0
31798.0,31753.803,44.197266,0
30357.0,30233.176,123.82422,0
27341.0,27801.602,460.60156,0
25096.0,24613.812,482.1875,0
23316.0,23217.666,98.333984,0
22373.0,22387.818,14.818359,0
22009.0,21887.004,121.99609,0
21953.0,21914.992,38.007812,0
22693.0,22543.277,149.72266,0
24619.0,24765.318,146.31836,0
28253.0,28374.875,121.875,0
29856.0,30399.4,543.4004,0
30062.0,30035.719,26.28125,0
30133.0,30269.13,136.13086,0
30104.0,30272.334,168.33398,0
30071.0,29924.924,146.07617,0
29721.0,29938.105,217.10547,0
29653.0,29510.691,142.3086,0
29444.0,29506.895,62.89453,0
29248.0,29371.447,123.447266,0
29692.0,30067.488,375.48828,0
32360.0,31798.756,561.24414,0
32444.0,32901.094,457.09375,0
31501.0,31657.63,156.63086,0
30560.0,30561.842,1.8417969,0
28887.0,29068.441,181.4414,0
26197.0,26448.223,251.22266,0
23759.0,23606.492,152.50781,0
22478.0,21927.96,550.03906,0
21558.0,21554.48,3.5195312,0
21251.0,21065.105,185.89453,0
21187.0,21142.496,44.503906,0
21500.0,21758.191,258.1914,0
24184.0,23310.49,873.50977,0
27953.0,28163.299,210.29883,0
29668.0,30001.861,333.86133,0
29958.0,29815.807,142.19336,0
30035.0,30109.744,74.74414,0
30101.0,30127.424,26.423828,0
29935.0,29907.348,27.652344,0
29670.0,29712.975,42.97461,0
29627.0,29463.521,163.47852,0
29294.0,29463.967,169.9668,0
29023.0,29105.844,82.84375,0
29615.0,29676.018,61.01758,0
32205.0,31777.332,427.66797,0
32397.0,32529.893,132.89258,0
31582.0,31624.82,42.820312,0
30452.0,30668.082,216.08203,0
28715.0,28977.535,262.53516,0
26304.0,26375.19,71.18945,0
23894.0,23824.512,69.48828,0
21987.0,22078.725,91.72461,0
21235.0,21031.621,203.3789,0
20792.0,20748.402,43.597656,0
20705.0,20652.016,52.984375,0
21400.0,21180.252,219.74805,0
23297.0,23264.117,32.882812,0
26928.0,26786.465,141.53516,0
28807.0,29167.459,360.45898,0
29560.0,29235.533,324.4668,0
29891.0,29883.85,7.1503906,0
30041.0,30099.277,58.277344,0
29898.0,29897.246,0.75390625,0
29387.0,29646.36,259.35938,0
29404.0,29041.273,362.72656,0
28761.0,29240.92,479.91992,0
28611.0,28322.445,288.5547,0
29608.0,29275.734,332.26562,0
32244.0,31861.521,382.47852,0
32200.0,32209.148,9.1484375,0
31419.0,31373.418,45.58203,0
30539.0,30535.662,3.3378906,0
29288.0,29203.12,84.88086,0
27430.0,27201.129,228.8711,0
25424.0,25122.47,301.5293,0
23871.0,23472.27,398.73047,0
23010.0,22689.975,320.0254,0
22571.0,22295.426,275.57422,0
22457.0,22273.11,183.89062,0
22569.0,22657.375,88.375,0
23569.0,23273.764,295.23633,0
24713.0,24772.283,59.283203,0
25891.0,26050.691,159.6914,0
27488.0,27204.492,283.5078,0
27960.0,28363.494,403.49414,0
27644.0,27813.207,169.20703,0
27161.0,27043.168,117.83203,0
26424.0,26565.844,141.84375,0
25721.0,25760.604,39.603516,0
25114.0,25083.078,30.921875,0
24926.0,24834.008,91.99219,0
25814.0,26070.105,256.10547,0
28560.0,28361.568,198.43164,0
28718.0,28804.129,86.12891,0
28051.0,28065.994,14.994141,0
27102.0,27262.436,160.43555,0
25965.0,25869.576,95.42383,0
24574.0,24175.15,398.8496,0
22862.0,22613.662,248.33789,0
21431.0,21158.441,272.5586,0
20493.0,20292.322,200.67773,0
19896.0,19778.363,117.63672,0
19674.0,19540.68,133.32031,0
19675.0,19726.0,51.0,0
20280.0,20138.422,141.57812,0
21111.0,21149.938,38.9375,0
21889.0,22201.463,312.4629,0
23341.0,23158.576,182.42383,0
24614.0,24522.73,91.26953,0
24900.0,25209.46,309.46094,0
24954.0,24919.953,34.046875,0
24786.0,24825.56,39.560547,0
24574.0,24534.652,39.347656,0
24578.0,24343.055,234.94531,0
24433.0,24747.299,314.29883,0
25483.0,25460.783,22.216797,0
28620.0,27933.156,686.84375,0
29376.0,29033.746,342.2539,0
28993.0,28723.266,269.73438,0
28643.0,28160.832,482.16797,0
27662.0,27479.441,182.5586,0
25918.0,25873.436,44.564453,0
24339.0,23843.197,495.80273,0
23093.0,22689.262,403.73828,0
22707.0,22317.008,389.9922,0
22656.0,22519.596,136.4043,0
22574.0,22859.838,285.8379,0
23418.0,23319.854,98.146484,0
25559.0,25573.838,14.837891,0
29311.0,29275.057,35.94336,0
31110.0,31575.248,465.24805,0
31696.0,31390.428,305.57227,0
31395.0,32057.004,662.0039,0
31142.0,31357.857,215.85742,0
30790.0,30812.438,22.4375,0
30392.0,30537.64,145.64062,0
30023.0,30167.18,144.17969,0
29665.0,29774.863,109.86328,0
29537.0,29620.398,83.39844,0
30377.0,30664.229,287.22852,0
33815.0,32883.484,931.5156,0
34011.0,34421.77,410.76953,0
33355.0,33274.105,80.89453,0
32553.0,32501.092,51.908203,0
30931.0,30925.371,5.6289062,0
28635.0,28193.299,441.70117,0
26258.0,25973.424,284.57617,0
24704.0,24374.447,329.55273,0
24106.0,23736.361,369.63867,0
23877.0,23668.004,208.9961,0
23995.0,23863.543,131.45703,0
24784.0,24708.139,75.86133,0
27665.0,26948.717,716.2832,0
31716.0,31890.695,174.69531,0
33260.0,33578.04,318.03906,0
32966.0,32897.008,68.99219,0
32037.0,32738.627,701.62695,0
31321.0,31553.143,232.14258,0
30661.0,30715.996,54.996094,0
30227.0,30246.586,19.585938,0
29939.0,29942.033,3.0332031,0
29425.0,29693.291,268.29102,0
29353.0,29291.059,61.941406,0
30346.0,30612.348,266.34766,0
33416.0,33050.12,365.8789,0
33689.0,33694.26,5.2617188,0
33135.0,33025.668,109.33203,0
32337.0,32323.875,13.125,0
30571.0,30787.291,216.29102,0
28115.0,27898.467,216.5332,0
25858.0,25417.654,440.3457,0
24200.0,23985.203,214.79688,0
23484.0,23242.426,241.57422,0
23217.0,23023.605,193.39453,0
23317.0,23179.098,137.90234,0
24073.0,24001.639,71.36133,0
26672.0,26204.266,467.73438,0
30653.0,30705.133,52.132812,0
32457.0,32557.863,100.86328,0
32266.0,32311.94,45.939453,0
31713.0,32052.809,339.8086,0
31412.0,31384.312,27.6875,0
30910.0,30973.994,63.99414,0
30293.0,30551.791,258.79102,0
30005.0,29931.19,73.81055,0
29552.0,29702.357,150.35742,0
29662.0,29365.314,296.68555,0
30591.0,30903.059,312.0586,0
33359.0,33024.836,334.16406,0
33452.0,33526.74,74.73828,0
32632.0,32753.479,121.478516,0
31968.0,31762.805,205.19531,0
30382.0,30517.463,135.46289,0
27927.0,27883.625,43.375,0
25466.0,25249.12,216.88086,0
23828.0,23545.342,282.6582,0
23068.0,22853.6,214.40039,0
22697.0,22593.984,103.015625,0
22617.0,22607.459,9.541016,0
23230.0,23186.027,43.972656,0
25209.0,25202.393,6.607422,0
29218.0,28878.568,339.43164,0
31094.0,31473.53,379.5293,0
31252.0,31200.102,51.898438,0
30925.0,31193.682,268.68164,0
30790.0,30773.033,16.966797,0
30819.0,30446.002,372.99805,0
30562.0,30646.566,84.56641,0
30539.0,30370.326,168.67383,0
30187.0,30384.781,197.78125,0
29966.0,29961.717,4.283203,0
30747.0,30663.148,83.85156,0
33382.0,33088.258,293.7422,0
33198.0,33575.504,377.5039,0
32394.0,32346.533,47.466797,0
31446.0,31512.465,66.46484,0
29697.0,30011.398,314.39844,0
27145.0,27271.521,126.521484,0
24905.0,24518.197,386.80273,0
23128.0,23023.713,104.28711,0
22164.0,22136.273,27.726562,0
21830.0,21630.857,199.14258,0
21724.0,21695.854,28.146484,0
22205.0,22212.154,7.154297,0
24147.0,24016.719,130.28125,0
27994.0,27736.51,257.49023,0
29556.0,30293.975,737.9746,0
29731.0,29740.613,9.613281,0
29809.0,29820.443,11.443359,0
29849.0,29888.701,39.70117,0
29912.0,29654.684,257.3164,0
29723.0,29767.037,44.03711,0
29656.0,29537.688,118.3125,0
29337.0,29463.39,126.390625,0
28876.0,29094.145,218.14453,0
29350.0,29297.867,52.132812,0
31655.0,31561.75,93.25,0
31658.0,31871.188,213.1875,0
30709.0,30825.209,116.208984,0
29608.0,29768.455,160.45508,0
28283.0,28242.719,40.28125,0
26165.0,26242.338,77.33789,0
24139.0,23862.264,276.73633,0
22423.0,22223.633,199.36719,0
21105.0,21254.15,149.15039,0
20583.0,20388.596,194.4043,0
20412.0,20257.836,154.16406,0
20598.0,20561.309,36.691406,0
21500.0,21258.77,241.23047,0
22830.0,22634.238,195.76172,0
24228.0,24298.824,70.82422,0
26084.0,25849.176,234.82422,0
26814.0,27215.473,401.47266,0
27117.0,26902.613,214.38672,0
26510.0,26864.553,354.55273,0
25805.0,25971.621,166.6211,0
25213.0,25190.893,22.107422,0
24627.0,24635.549,8.548828,0
24481.0,24355.307,125.69336,0
25787.0,25530.695,256.3047,0
28993.0,28400.172,592.8281,0
29293.0,29123.98,169.01953,0
28783.0,28596.51,186.49023,0
28221.0,27977.951,243.04883,0
27216.0,27009.125,206.875,0
25969.0,25391.395,577.60547,0
24274.0,23966.36,307.64062,0
22853.0,22539.803,313.19727,0
22130.0,21698.303,431.69727,0
21762.0,21428.902,333.09766,0
21679.0,21453.277,225.72266,0
21889.0,21806.373,82.62695,0
22484.0,22480.24,3.7597656,0
23286.0,23414.11,128.10938,0
23988.0,24319.482,331.48242,0
25363.0,24986.133,376.8672,0
26092.0,26289.045,197.04492,0
26028.0,26278.672,250.67188,0
25787.0,25751.783,35.216797,0
25565.0,25441.729,123.271484,0
25159.0,25227.965,68.96484,0
24756.0,24808.072,52.072266,0
24774.0,24727.498,46.501953,0
26181.0,26122.236,58.76367,0
29386.0,28905.666,480.33398,0
29859.0,29439.31,419.68945,0
29511.0,29222.184,288.8164,0
28974.0,28725.5,248.5,0
27829.0,27757.582,71.41797,0
26014.0,25964.404,49.595703,0
24084.0,23905.812,178.1875,0
22808.0,22354.023,453.97656,0
22228.0,22012.37,215.63086,0
22096.0,21989.213,106.78711,0
22211.0,22215.59,4.5898438,0
23069.0,22989.178,79.822266,0
25005.0,25254.379,249.3789,0
28866.0,28642.572,223.42773,0
31001.0,31279.123,278.12305,0
31386.0,31468.957,82.95703,0
31156.0,31673.32,517.3203,0
31053.0,31172.324,119.32422,0
30716.0,30809.092,93.0918,0
30125.0,30488.672,363.67188,0
29973.0,29851.18,121.82031,0
29770.0,29816.371,46.371094,0
29500.0,29814.385,314.38477,0
30036.0,30506.645,470.64453,0
32499.0,32358.434,140.5664,0
32738.0,33112.367,374.3672,0
32615.0,32127.195,487.8047,0
31824.0,31823.906,0.09375,0
30098.0,30172.783,74.7832,0
27463.0,27359.617,103.38281,0
24830.0,24790.26,39.740234,0
22953.0,22958.273,5.2734375,0
21969.0,21992.326,23.326172,0
21563.0,21475.54,87.46094,0
21471.0,21452.531,18.46875,0
22182.0,22046.69,135.31055,0
24225.0,24237.3,12.300781,0
28108.0,28158.162,50.16211,0
30431.0,30458.09,27.089844,0
30967.0,30832.002,134.99805,0
31255.0,31232.896,22.103516,0
31331.0,31500.033,169.0332,0
31202.0,31183.691,18.308594,0
30895.0,31019.844,124.84375,0
30761.0,30711.812,49.1875,0
30480.0,30606.959,126.958984,0
30609.0,30396.22,212.7793,0
31743.0,31605.715,137.28516,0
34840.0,33990.867,849.1328,0
34848.0,35181.023,333.02344,0
34191.0,34148.832,42.16797,0
33615.0,33369.363,245.63672,0
32435.0,32090.117,344.8828,0
29753.0,29841.088,88.08789,0
27372.0,26943.234,428.76562,0
25606.0,25360.234,245.76562,0
24807.0,24590.914,216.08594,0
24495.0,24317.863,177.13672,0
24633.0,24414.89,218.10938,0
25375.0,25266.19,108.81055,0
27400.0,27415.328,15.328125,0
31198.0,31055.943,142.05664,0
33049.0,33263.695,214.69531,0
33309.0,33104.35,204.64844,0
32861.0,33244.61,383.60938,0
32480.0,32586.81,106.81055,0
32070.0,31979.33,90.66992,0
31116.0,31697.701,581.7012,0
30722.0,30588.072,133.92773,0
30205.0,30328.92,123.91992,0
29940.0,29952.725,12.724609,0
30880.0,30922.508,42.507812,0
33760.0,33560.355,199.64453,0
33939.0,33945.71,6.7109375,0
33213.0,33230.14,17.140625,0
32521.0,32366.451,154.54883,0
31178.0,31069.168,108.83203,0
29036.0,28720.934,315.0664,0
26709.0,26396.586,312.41406,0
24858.0,24758.559,99.44141,0
23781.0,23839.04,58.039062,0
23260.0,23280.63,20.63086,0
23138.0,23154.693,16.69336,0
23346.0,23661.064,315.06445,0
24009.0,25028.922,1019.9219,1
25067.0,26948.283,1881.2832,1
25857.0,26522.123,665.12305,0
27008.0,26910.766,97.234375,0
27703.0,28129.438,426.4375,0
27867.0,28363.44,496.43945,0
27427.0,27994.252,567.25195,0
26487.0,27215.95,728.9492,0
25284.0,26053.268,769.2676,0
24235.0,24642.81,407.81055,0
23487.0,23764.293,277.29297,0
23734.0,24232.73,498.73047,0
25518.0,26290.342,772.3418,0
25724.0,25961.986,237.98633,0
25817.0,25561.363,255.63672,0
25885.0,25375.254,509.7461,0
25599.0,25105.857,493.14258,0
24654.0,24218.066,435.9336,0
23294.0,22887.168,406.83203,0
22051.0,21612.293,438.70703,0
21382.0,21044.832,337.16797,0
21285.0,20988.246,296.7539,0
21373.0,21406.25,33.25,0
21936.0,22025.658,89.6582,0
23208.0,23504.205,296.20508,0
25138.0,25676.133,538.1328,0
26208.0,26784.865,576.86523,0
27303.0,26846.195,456.8047,0
27590.0,27922.494,332.49414,0
27383.0,27769.928,386.92773,0
27071.0,27175.67,104.66992,0
26506.0,26772.137,266.13672,0
26065.0,26103.688,38.6875,0
25535.0,25667.025,132.02539,0
25411.0,25242.594,168.40625,0
26577.0,26410.791,166.20898,0
29655.0,29001.617,653.3828,0
29591.0,29631.305,40.304688,0
28912.0,28733.271,178.72852,0
28260.0,28083.264,176.73633,0
27101.0,27113.143,12.142578,0
25568.0,25267.434,300.5664,0
23630.0,23523.629,106.37109,0
22012.0,21842.705,169.29492,0
21066.0,20889.762,176.23828,0
20506.0,20397.125,108.875,0
20251.0,20262.123,11.123047,0
20261.0,20487.674,226.67383,0
20822.0,20970.828,148.82812,0
21841.0,21873.104,32.103516,0
22978.0,23107.795,129.79492,0
24906.0,24364.3,541.6992,0
26440.0,26118.918,321.08203,0
27000.0,26974.043,25.957031,0
26950.0,26913.525,36.47461,0
26495.0,26592.79,97.78906,0
25933.0,25971.613,38.61328,0
25409.0,25374.318,34.68164,0
25440.0,25090.664,349.33594,0
26784.0,26333.123,450.87695,0
28971.0,29161.297,190.29688,0
28737.0,28880.754,143.7539,0
28267.0,28126.727,140.27344,0
27502.0,27565.4,63.40039,0
26412.0,26299.635,112.365234,0
24868.0,24590.436,277.56445,0
23055.0,22846.611,208.38867,0
21211.0,21320.467,109.4668,0
20033.0,20067.504,34.503906,0
19423.0,19328.207,94.79297,0
19084.0,19066.21,17.789062,0
19031.0,19081.215,50.214844,0
19336.0,19426.736,90.73633,0
20051.0,20077.05,26.050781,0
20775.0,21110.86,335.85938,0
22546.0,22137.887,408.11328,0
23979.0,24089.465,110.46484,0
24796.0,24775.379,20.621094,0
25177.0,25134.41,42.589844,0
25533.0,25257.89,275.10938,0
25458.0,25563.605,105.60547,0
25318.0,25337.062,19.0625,0
25653.0,25354.832,298.16797,0
27417.0,26661.16,755.83984,0
29368.0,29864.135,496.13477,0
29373.0,29040.867,332.1328,0
28740.0,28872.145,132.14453,0
27864.0,27977.008,113.00781,0
26493.0,26634.15,141.15039,0
24571.0,24646.926,75.92578,0
22333.0,22515.557,182.55664,0
20844.0,20570.742,273.2578,0
20019.0,19985.129,33.871094,0
19738.0,19636.14,101.859375,0
19730.0,19656.76,73.240234,0
20423.0,20317.457,105.54297,0
22336.0,22396.48,60.48047,0
25816.0,26046.938,230.9375,0
27836.0,28382.85,546.8496,0
28753.0,28712.25,40.75,0
29265.0,29579.943,314.94336,0
29507.0,29849.984,342.98438,0
29574.0,29606.97,32.970703,0
29378.0,29580.598,202.59766,0
29207.0,29316.465,109.46484,0
28905.0,29114.74,209.74023,0
28791.0,28867.742,76.74219,0
30017.0,29667.922,349.07812,0
33001.0,32481.97,519.0293,0
33040.0,33354.324,314.32422,0
32338.0,32369.965,31.964844,0
31344.0,31484.762,140.76172,0
29719.0,29676.27,42.73047,0
27020.0,27032.203,12.203125,0
24587.0,24397.896,189.10352,0
22874.0,22748.596,125.4043,0
22015.0,21929.973,85.02734,0
21739.0,21526.273,212.72656,0
21837.0,21657.281,179.71875,0
22492.0,22510.604,18.603516,0
24644.0,24605.41,38.589844,0
28576.0,28561.998,14.001953,0
30472.0,30790.346,318.3457,0
31091.0,30637.355,453.64453,0
31114.0,31416.129,302.1289,0
31075.0,31233.107,158.10742,0
30932.0,30844.963,87.03711,0
30850.0,30738.94,111.06055,0
30544.0,30751.887,207.88672,0
30217.0,30324.742,107.74219,0
30285.0,30122.217,162.7832,0
31808.0,31306.742,501.2578,0
34450.0,34402.117,47.882812,0
34314.0,34379.62,65.62109,0
33468.0,33683.008,215.00781,0
32324.0,32639.13,315.13086,0
30452.0,30641.576,189.57617,0
27507.0,27677.67,170.66992,0
24880.0,24713.205,166.79492,0
23073.0,22944.785,128.21484,0
21945.0,22067.064,122.06445,0
21568.0,21361.129,206.8711,0
21492.0,21362.283,129.7168,0
21957.0,21990.809,33.808594,0
23960.0,23873.367,86.63281,0
27870.0,27831.56,38.439453,0
30090.0,30263.096,173.0957,0
30525.0,30538.371,13.371094,0
30620.0,30769.756,149.75586,0
30725.0,30796.957,71.95703,0
30647.0,30580.23,66.76953,0
30386.0,30490.799,104.79883,0
30276.0,30231.533,44.466797,0
30112.0,30129.281,17.28125,0
30091.0,30066.393,24.607422,0
31566.0,30924.463,641.5371,0
34000.0,34067.68,67.67969,0
33746.0,33847.52,101.51953,0
32933.0,33054.5,121.5,0
32168.0,32096.861,71.13867,0
30338.0,30664.771,326.77148,0
27541.0,27718.379,177.3789,0
24731.0,24774.496,43.496094,0
22778.0,22778.54,0.5390625,0
21825.0,21769.32,55.679688,0
21352.0,21270.254,81.74609,0
21237.0,21133.275,103.72461,0
21711.0,21677.486,33.51367,0
23793.0,23556.324,236.67578,0
27664.0,27634.393,29.607422,0
30271.0,30012.664,258.33594,0
30937.0,30873.803,63.197266,0
31367.0,31124.117,242.88281,0
31680.0,31598.215,81.78516,0
31639.0,31593.32,45.679688,0
31385.0,31448.674,63.67383,0
31332.0,31188.04,143.96094,0
31176.0,31167.158,8.841797,0
31267.0,31054.426,212.57422,0
32586.0,31940.297,645.7031,0
34576.0,34756.934,180.9336,0
34233.0,34421.72,188.71875,0
33427.0,33515.547,88.546875,0
32482.0,32581.71,99.71094,0
30554.0,30983.805,429.8047,0
27965.0,27971.6,6.5996094,0
25193.0,25223.121,30.121094,0
23077.0,23176.201,99.20117,0
22027.0,21980.31,46.689453,0
21551.0,21417.877,133.12305,0
21374.0,21291.322,82.677734,0
21851.0,21728.75,122.25,0
23717.0,23610.195,106.80469,0
27610.0,27374.268,235.73242,0
30087.0,30053.498,33.501953,0
30730.0,30717.102,12.8984375,0
31232.0,30901.434,330.5664,0
31541.0,31464.703,76.296875,0
31622.0,31452.58,169.41992,0
31304.0,31462.664,158.66406,0
31275.0,31056.857,218.14258,0
30960.0,31092.082,132.08203,0
30831.0,30684.008,146.99219,0
31970.0,31285.209,684.791,0
33686.0,34154.21,468.21094,0
33104.0,33437.26,333.26172,0
31855.0,32274.988,419.98828,0
30863.0,30901.932,38.93164,0
29514.0,29481.594,32.40625,0
27361.0,27330.592,30.408203,0
24885.0,24885.293,0.29296875,0
22665.0,22816.852,151.85156,0
21430.0,21495.826,65.82617,0
20730.0,20715.238,14.761719,0
20415.0,20377.879,37.121094,0
20428.0,20510.555,82.55469,0
21110.0,21024.297,85.703125,0
22292.0,22171.855,120.14453,0
23394.0,23688.252,294.25195,0
25233.0,24967.557,265.44336,0
26558.0,26714.812,156.8125,0
27125.0,27091.82,33.179688,0
26867.0,27053.568,186.56836,0
26825.0,26465.023,359.97656,0
26285.0,26468.713,183.71289,0
25740.0,25813.74,73.740234,0
25522.0,25640.668,118.66797,0
26652.0,26948.867,296.8672,0
29715.0,29418.674,296.32617,0
29612.0,29814.234,202.23438,0
28828.0,28872.314,44.314453,0
28247.0,28081.56,165.43945,0
27260.0,27176.43,83.57031,0
25727.0,25542.027,184.97266,0
23751.0,23674.09,76.91016,0
21977.0,21907.055,69.94531,0
20853.0,20758.95,94.05078,0
20230.0,20115.805,114.19531,0
19985.0,19884.445,100.55469,0
20067.0,20067.104,0.103515625,0
20559.0,20594.605,35.60547,0
21509.0,21444.348,64.65234,0
22480.0,22672.096,192.0957,0
24307.0,23779.756,527.24414,0
25558.0,25756.719,198.71875,0
26046.0,26118.04,72.03906,0
26177.0,26013.701,163.29883,0
26175.0,25985.525,189.47461,0
26019.0,25942.346,76.6543,0
25855.0,25802.02,52.98047,0
25981.0,26093.469,112.46875,0
27375.0,27672.912,297.9121,0
30864.0,30030.9,833.0996,0
31344.0,31041.332,302.66797,0
30959.0,30686.73,272.26953,0
30701.0,30210.516,490.48438,0
29644.0,29616.352,27.648438,0
27587.0,27809.893,222.89258,0
25441.0,25301.379,139.6211,0
23762.0,23477.61,284.39062,0
23100.0,22850.664,249.33594,0
22950.0,22834.312,115.6875,0
23180.0,23098.518,81.48242,0
23923.0,24060.2,137.19922,0
26258.0,26005.086,252.91406,0
30492.0,30018.041,473.95898,0
32640.0,33168.99,528.9883,0
32770.0,32983.28,213.28125,0
32226.0,32756.014,530.0137,0
31725.0,31947.812,222.8125,0
31177.0,31263.623,86.62305,0
30638.0,30836.79,198.78906,0
30397.0,30369.727,27.273438,0
30033.0,30285.443,252.44336,0
29828.0,30278.73,450.73047,0
31102.0,31438.9,336.9004,0
34677.0,34029.348,647.65234,0
35047.0,35035.684,11.316406,0
34570.0,34428.7,141.30078,0
33770.0,33874.473,104.47266,0
32021.0,32338.24,317.24023,0
29218.0,29351.984,133.98438,0
26286.0,26257.637,28.363281,0
24441.0,24152.594,288.40625,0
23638.0,23389.238,248.76172,0
23263.0,23128.059,134.9414,0
23269.0,23185.66,83.33984,0
23885.0,23990.11,105.109375,0
26230.0,25934.121,295.8789,0
30225.0,30118.834,106.166016,0
32159.0,32604.383,445.3828,0
32304.0,32287.855,16.144531,0
31625.0,32280.693,655.69336,0
31284.0,31314.92,30.919922,0
30920.0,30862.95,57.05078,0
30490.0,30644.613,154.61328,0
30454.0,30273.11,180.89062,0
30165.0,30433.594,268.59375,0
30025.0,30414.08,389.08008,0
30978.0,31598.658,620.6582,0
34191.0,33632.88,558.1211,0
34594.0,34552.54,41.460938,0
33702.0,33967.074,265.07422,0
33007.0,32897.195,109.80469,0
31276.0,31656.281,380.28125,0
28259.0,28773.727,514.72656,0
25251.0,25300.578,49.578125,0
23148.0,23116.498,31.501953,0
22322.0,22094.846,227.1543,0
21789.0,21786.707,2.2929688,0
21641.0,21638.012,2.9882812,0
22291.0,22230.123,60.876953,0
24367.0,24270.453,96.546875,0
28235.0,28151.36,83.640625,0
30676.0,30723.557,47.55664,0
30862.0,31221.768,359.76758,0
30917.0,30889.93,27.070312,0
30906.0,30944.623,38.623047,0
30780.0,30685.908,94.0918,0
30612.0,30573.719,38.28125,0
30511.0,30487.76,23.240234,0
30343.0,30451.219,108.21875,0
30274.0,30566.557,292.55664,0
31204.0,31690.57,486.5703,0
34173.0,33687.55,485.44922,0
34190.0,34405.273,215.27344,0
33479.0,33464.95,14.050781,0
32747.0,32713.973,33.027344,0
30905.0,31455.98,550.98047,0
27284.0,28456.285,1172.2852,1
25071.0,24234.982,836.0176,0
22888.0,23040.115,152.11523,0
21862.0,21870.342,8.341797,0
21359.0,21273.387,85.61328,0
21310.0,21197.32,112.67969,0
21770.0,21882.867,112.86719,0
23665.0,23581.32,83.67969,0
27424.0,27272.955,151.04492,0
30145.0,29959.08,185.91992,0
30357.0,30923.309,566.3086,0
30569.0,30344.703,224.29688,0
30736.0,30635.506,100.49414,0
30819.0,30579.05,239.94922,0
30716.0,30668.13,47.86914,0
30707.0,30602.605,104.39453,0
30412.0,30662.232,250.23242,0
30489.0,30482.592,6.408203,0
31872.0,31894.828,22.828125,0
34451.0,34475.93,24.929688,0
34328.0,34242.918,85.08203,0
33535.0,33626.223,91.22266,0
32654.0,32785.15,131.14844,0
30915.0,31362.066,447.0664,0
28094.0,28580.773,486.77344,0
25019.0,25297.123,278.12305,0
22884.0,22858.703,25.296875,0
21895.0,21778.262,116.73828,0
21408.0,21326.023,81.97656,0
21204.0,21215.879,11.878906,0
21616.0,21658.967,42.966797,0
23415.0,23309.156,105.84375,0
27423.0,26902.031,520.96875,0
29996.0,30143.322,147.32227,0
30452.0,30692.46,240.46094,0
30631.0,30483.592,147.4082,0
30717.0,30660.58,56.41992,0
30457.0,30485.766,28.765625,0
30079.0,30125.607,46.60742,0
29977.0,29791.676,185.32422,0
29779.0,29845.676,66.67578,0
29842.0,29900.775,58.77539,0
31159.0,31225.86,66.859375,0
33941.0,33725.53,215.46875,0
33509.0,33753.016,244.01562,0
32543.0,32635.94,92.93945,0
31748.0,31742.912,5.0878906,0
30277.0,30592.752,315.75195,0
28213.0,28198.352,14.6484375,0
25441.0,25768.285,327.28516,0
23587.0,23350.863,236.13672,0
22444.0,22320.11,123.890625,0
21922.0,21677.252,244.74805,0
21713.0,21568.41,144.58984,0
21920.0,21867.19,52.810547,0
22672.0,22609.582,62.41797,0
24090.0,23777.031,312.96875,0
25552.0,25531.076,20.923828,0
27413.0,27106.908,306.0918,0
28866.0,28610.672,255.32812,0
29425.0,29185.432,239.56836,0
29421.0,29164.512,256.48828,0
29251.0,28953.365,297.63477,0
29051.0,28763.312,287.6875,0
29022.0,28670.23,351.76953,0
29481.0,29159.639,321.36133,0
31417.0,31005.465,411.53516,0
33035.0,33964.223,929.22266,0
32641.0,32540.422,100.578125,0
31842.0,32028.318,186.31836,0
31121.0,31148.223,27.222656,0
29834.0,29895.582,61.58203,0
28337.0,27820.09,516.91016,0
26106.0,26065.494,40.50586,0
23965.0,24044.547,79.546875,0
22766.0,22532.049,233.95117,0
22109.0,21884.564,224.43555,0
21739.0,21646.416,92.583984,0
21808.0,21678.604,129.39648,0
22241.0,22230.863,10.136719,0
23152.0,23059.453,92.546875,0
24207.0,24315.42,108.41992,0
25935.0,25574.217,360.7832,0
27058.0,27381.99,323.99023,0
27377.0,27525.025,148.02539,0
27274.0,27240.553,33.447266,0
27146.0,26998.287,147.71289,0
26763.0,26881.291,118.291016,0
26495.0,26481.686,13.314453,0
26683.0,26735.027,52.027344,0
28396.0,28470.207,74.20703,0
32214.0,31206.172,1007.8281,1
32854.0,32339.44,514.56055,0
32719.0,32236.86,482.14062,0
32443.0,32001.621,441.3789,0
31358.0,31309.082,48.91797,0
29145.0,29422.873,277.87305,0
26848.0,26724.57,123.42969,0
24874.0,24817.693,56.30664,0
24422.0,23883.043,538.95703,0
24304.0,24166.555,137.44531,0
24461.0,24457.604,3.3964844,0
25247.0,25266.775,19.77539,0
27710.0,27308.045,401.95508,0
32094.0,31442.97,651.0293,0
34400.0,34845.305,445.3047,0
34487.0,34722.113,235.11328,0
34179.0,34309.918,130.91797,0
33707.0,33892.883,185.88281,0
33043.0,33219.348,176.34766,0
32540.0,32596.777,56.777344,0
32272.0,32219.822,52.177734,0
32008.0,32122.21,114.21094,0
32208.0,32298.336,90.33594,0
34250.0,33972.51,277.48828,0
37194.0,37265.55,71.55078,0
37177.0,37076.39,100.609375,0
36479.0,36689.09,210.08984,0
35698.0,35841.793,143.79297,0
33925.0,34229.984,304.98438,0
30810.0,31129.334,319.33398,0
27424.0,27554.42,130.41992,0
25372.0,24991.254,380.7461,0
24266.0,24169.709,96.291016,0
23745.0,23623.094,121.90625,0
23566.0,23510.816,55.183594,0
24144.0,24104.998,39.001953,0
26336.0,26085.21,250.78906,0
30334.0,30126.982,207.01758,0
32740.0,32944.418,204.41797,0
32850.0,33165.07,315.0703,0
32707.0,32782.58,75.578125,0
32325.0,32566.477,241.47656,0
32142.0,31930.14,211.85938,0
31558.0,31898.47,340.4707,0
31301.0,31274.963,26.03711,0
30738.0,31155.176,417.17578,0
30621.0,30796.467,175.4668,0
32108.0,32218.195,110.19531,0
35849.0,35067.87,781.1289,0
36121.0,36052.305,68.69531,0
35553.0,35504.574,48.42578,0
34881.0,34888.285,7.2851562,0
33449.0,33569.76,120.76172,0
30409.0,30931.146,522.1465,0
27436.0,27304.521,131.47852,0
25343.0,25133.129,209.8711,0
24519.0,24224.068,294.93164,0
24154.0,23992.855,161.14453,0
24178.0,24047.652,130.34766,0
24927.0,24830.287,96.71289,0
27184.0,26960.664,223.33594,0
31329.0,30894.447,434.55273,0
33955.0,33730.37,224.6289,0
33736.0,34303.535,567.53516,0
33331.0,33310.67,20.328125,0
33178.0,32881.38,296.6211,0
32794.0,32788.176,5.8242188,0
32267.0,32470.32,203.32031,0
32307.0,31938.055,368.9453,0
32319.0,32239.21,79.78906,0
32122.0,32696.078,574.0781,0
34102.0,33431.47,670.53125,0
36776.0,37196.51,420.51172,0
36585.0,36512.16,72.83984,0
35744.0,35948.703,204.70312,0
34931.0,35075.055,144.05469,0
33216.0,33606.08,390.07812,0
30237.0,30662.877,425.87695,0
27073.0,27115.473,42.472656,0
24984.0,24661.887,322.11328,0
23869.0,23774.164,94.83594,0
23376.0,23231.885,144.11523,0
23457.0,23159.158,297.8418,0
23987.0,24054.336,67.33594,0
25895.0,25829.61,65.390625,0
29569.0,29405.023,163.97656,0
32243.0,31930.412,312.5879,0
32393.0,32898.766,505.76562,0
32432.0,32229.326,202.67383,0
32691.0,32241.186,449.81445,0
32488.0,32508.854,20.853516,0
32260.0,32239.889,20.111328,0
32163.0,32035.861,127.13867,0
31714.0,32028.24,314.24023,0
31718.0,31712.277,5.7226562,0
33289.0,33096.14,192.85938,0
35951.0,36113.445,162.44531,0
35789.0,35730.066,58.933594,0
34983.0,35084.445,101.44531,0
34129.0,34264.25,135.25,0
32486.0,32850.527,364.52734,0
29481.0,30104.203,623.2031,0
26518.0,26489.318,28.68164,0
24121.0,24202.398,81.39844,0
22936.0,22903.68,32.320312,0
22305.0,22292.928,12.072266,0
22116.0,22058.543,57.45703,0
22578.0,22550.723,27.277344,0
24552.0,24283.082,268.91797,0
28587.0,28152.34,434.66016,0
31280.0,31246.586,33.414062,0
31750.0,31916.338,166.33789,0
32086.0,31677.666,408.33398,0
32189.0,32072.152,116.84766,0
31979.0,31936.428,42.572266,0
31775.0,31636.959,138.04102,0
31646.0,31532.621,113.37891,0
31517.0,31492.875,24.125,0
31750.0,31657.73,92.26953,0
32833.0,33131.688,298.6875,0
34810.0,35152.777,342.77734,0
34376.0,34620.773,244.77344,0
33303.0,33582.5,279.5,0
32329.0,32489.174,160.17383,0
30996.0,31072.166,76.166016,0
28721.0,28898.605,177.60547,0
25905.0,26160.607,255.60742,0
23705.0,23689.984,15.015625,0
22285.0,22348.625,63.625,0
21649.0,21444.225,204.77539,0
21392.0,21233.504,158.4961,0
21583.0,21470.527,112.47266,0
22487.0,22197.32,289.6797,0
23977.0,23611.574,365.42578,0
25644.0,25494.559,149.4414,0
27564.0,27395.92,168.08008,0
28869.0,28825.568,43.43164,0
29075.0,29091.473,16.472656,0
28879.0,28663.438,215.5625,0
28226.0,28341.744,115.74414,0
27599.0,27571.695,27.304688,0
26979.0,27011.854,32.853516,0
26903.0,26881.691,21.308594,0
28664.0,28468.91,195.08984,0
32400.0,31594.55,805.4492,0
32679.0,32370.244,308.75586,0
32252.0,32004.953,247.04688,0
31831.0,31497.615,333.38477,0
31099.0,30666.89,432.10938,0
29733.0,29249.012,483.98828,0
27599.0,27515.607,83.39258,0
25695.0,25544.197,150.80273,0
24480.0,24325.691,154.3086,0
23931.0,23669.29,261.71094,0
23661.0,23571.46,89.53906,0
23993.0,23728.918,264.08203,0
24574.0,24588.242,14.2421875,0
25734.0,25493.555,240.44531,0
26695.0,26947.227,252.22656,0
28236.0,27825.723,410.27734,0
28956.0,29274.652,318.65234,0
28770.0,29035.445,265.4453,0
28456.0,28225.488,230.51172,0
28251.0,27950.988,300.01172,0
27813.0,27895.354,82.353516,0
27392.0,27492.41,100.41016,0
27495.0,27522.578,27.578125,0
29867.0,29181.988,685.0117,0
33228.0,33033.77,194.23047,0
33663.0,32931.344,731.65625,0
33466.0,33076.434,389.5664,0
32989.0,32786.93,202.07031,0
31788.0,31817.541,29.541016,0
29502.0,29783.506,281.50586,0
26755.0,27018.654,263.6543,0
24642.0,24532.523,109.47656,0
23656.0,23554.111,101.88867,0
23246.0,23247.467,1.4667969,0
23356.0,23215.236,140.76367,0
23940.0,24080.797,140.79688,0
26036.0,25873.893,162.10742,0
30196.0,29677.625,518.375,0
33075.0,33140.914,65.91406,0
33431.0,33897.61,466.60938,0
33511.0,33485.312,25.6875,0
33958.0,33471.0,487.0,0
33386.0,33904.617,518.6172,0
32971.0,33068.387,97.38672,0
32754.0,32681.984,72.015625,0
32339.0,32603.996,264.9961,0
32432.0,32498.506,66.50586,0
34375.0,34023.63,351.3711,0
36963.0,37346.664,383.66406,0
36856.0,36784.69,71.30859,0
36071.0,36359.977,288.97656,0
35179.0,35405.926,226.92578,0
33429.0,33654.35,225.35156,0
30419.0,30633.1,214.09961,0
27345.0,27226.834,118.166016,0
24640.0,24983.055,343.0547,0
23345.0,23368.197,23.197266,0
22698.0,22646.475,51.52539,0
22465.0,22421.389,43.61133,0
22850.0,22933.086,83.08594,0
24964.0,24640.996,323.0039,0
29021.0,28814.66,206.33984,0
31911.0,31899.572,11.427734,0
32301.0,32636.96,335.96094,0
32495.0,32365.568,129.43164,0
32460.0,32568.66,108.66016,0
32256.0,32238.783,17.216797,0
31903.0,32014.117,111.11719,0
31754.0,31707.678,46.322266,0
31514.0,31682.459,168.45898,0
31704.0,31750.146,46.146484,0
33457.0,33339.34,117.66016,0
36983.0,36244.51,738.4883,0
36938.0,37078.625,140.625,0
36389.0,36343.152,45.847656,0
35761.0,35749.254,11.746094,0
34090.0,34440.914,350.91406,0
31457.0,31436.22,20.779297,0
28315.0,28359.73,44.73047,0
25649.0,25933.924,284.92383,0
24596.0,24366.057,229.94336,0
24212.0,23980.605,231.39453,0
24118.0,24048.982,69.01758,0
24683.0,24646.152,36.847656,0
27104.0,26558.277,545.72266,0
31230.0,30968.855,261.14453,0
33565.0,33741.266,176.26562,0
33417.0,33773.902,356.90234,0
32982.0,33097.27,115.26953,0
32658.0,32606.496,51.503906,0
31947.0,32214.59,267.58984,0
31266.0,31490.719,224.71875,0
30930.0,30855.281,74.71875,0
30477.0,30686.738,209.73828,0
30533.0,30585.422,52.421875,0
32027.0,32228.693,201.69336,0
36033.0,34923.375,1109.625,1
36376.0,36268.848,107.15234,0
35703.0,35731.992,28.992188,0
35197.0,35008.71,188.28906,0
33794.0,34007.227,213.22656,0
31137.0,31418.37,281.36914,0
28020.0,28137.375,117.375,0
25552.0,25649.414,97.41406,0
24529.0,24337.367,191.63281,0
24018.0,23979.07,38.929688,0
23909.0,23875.602,33.398438,0
24498.0,24450.395,47.60547,0
26709.0,26358.375,350.625,0
30923.0,30402.764,520.2363,0
33384.0,33481.547,97.546875,0
33701.0,33650.156,50.84375,0
33513.0,33456.1,56.898438,0
33375.0,33220.94,154.0586,0
33123.0,32949.86,173.14062,0
32589.0,32781.95,192.94922,0
32504.0,32228.51,275.49023,0
32165.0,32344.406,179.40625,0
32423.0,32230.242,192.75781,0
34020.0,33958.09,61.910156,0
37717.0,36713.23,1003.76953,1
37982.0,37893.92,88.078125,0
37508.0,37351.5,156.5,0
36894.0,36863.22,30.78125,0
35561.0,35735.5,174.5,0
33116.0,33235.383,119.38281,0
29793.0,30132.652,339.65234,0
27364.0,27168.906,195.09375,0
26104.0,25974.57,129.42969,0
25547.0,25460.387,86.61328,0
25359.0,25354.344,4.65625,0
25897.0,25802.74,94.259766,0
27998.0,27601.17,396.83008,0
31932.0,31426.418,505.58203,0
34194.0,34430.47,236.46875,0
34249.0,34420.76,171.76172,0
33912.0,33827.945,84.05469,0
33700.0,33468.004,231.9961,0
33093.0,33220.03,127.03125,0
32330.0,32578.787,248.78711,0
31854.0,31773.75,80.25,0
31378.0,31427.451,49.45117,0
31274.0,31318.61,44.609375,0
32858.0,32622.846,235.1543,0
36734.0,35843.83,890.1719,0
36873.0,36858.44,14.558594,0
36206.0,36063.586,142.41406,0
35461.0,35477.79,16.789062,0
34178.0,34323.92,145.92188,0
32248.0,32023.404,224.5957,0
29651.0,29601.238,49.76172,0
27377.0,27251.543,125.45703,0
26051.0,25856.54,194.46094,0
25852.0,25143.16,708.83984,0
25807.0,25496.596,310.4043,0
25841.0,25951.14,110.140625,0
26616.0,26387.338,228.66211,0
27990.0,27643.967,346.0332,0
29253.0,29378.084,125.083984,0
30638.0,30612.242,25.757812,0
31223.0,31396.02,173.01953,0
30984.0,30916.89,67.109375,0
30174.0,30252.701,78.70117,0
29249.0,29345.398,96.39844,0
28384.0,28413.041,29.041016,0
27817.0,27686.574,130.42578,0
27686.0,27818.992,132.99219,0
29525.0,29236.16,288.83984,0
33430.0,32475.562,954.4375,0
33821.0,33501.766,319.23438,0
33564.0,33170.5,393.5,0
33192.0,32843.52,348.48047,0
32340.0,32043.574,296.42578,0
31189.0,30412.549,776.4512,0
29426.0,28929.783,496.2168,0
27141.0,27368.027,227.02734,0
25425.0,25634.188,209.1875,0
24901.0,24453.504,447.4961,0
24633.0,24502.15,130.84961,0
24684.0,24682.693,1.3066406,0
25327.0,25152.424,174.57617,0
26357.0,26249.268,107.73242,0
27471.0,27538.29,67.28906,0
28661.0,28727.324,66.32422,0
28931.0,29565.23,634.23047,0
28564.0,28711.68,147.67969,0
27879.0,27949.42,70.41992,0
27441.0,27287.121,153.8789,0
26971.0,26990.928,19.927734,0
26666.0,26647.787,18.21289,0
26989.0,26959.906,29.09375,0
29163.0,28909.309,253.6914,0
32119.0,32103.357,15.642578,0
32279.0,31801.488,477.51172,0
31896.0,31693.562,202.4375,0
31354.0,31224.637,129.36328,0
30407.0,30209.557,197.44336,0
28523.0,28545.682,22.68164,0
26125.0,26229.379,104.37891,0
23811.0,23992.188,181.1875,0
22421.0,22699.29,278.28906,0
21629.0,21957.44,328.43945,0
21678.0,21517.412,160.58789,0
21634.0,22338.707,704.70703,0
22770.0,23159.672,389.67188,0
24686.0,25904.582,1218.582,1
26463.0,27163.299,700.2988,0
27988.0,28041.18,53.179688,0
29121.0,29343.686,222.68555,0
29263.0,30064.762,801.7617,0
28937.0,29439.963,502.9629,0
28370.0,28810.047,440.04688,0
27817.0,28150.873,333.87305,0
27612.0,27611.934,0.06640625,0
27584.0,27907.28,323.2793,0
29106.0,29199.67,93.66992,0
32592.0,31999.3,592.6992,0
32211.0,32803.266,592.2656,0
31251.0,31421.938,170.9375,0
30846.0,30470.766,375.23438,0
30568.0,29573.777,994.22266,1
29717.0,28483.594,1233.4062,1
28106.0,27427.41,678.58984,0
26466.0,26194.217,271.7832,0
25154.0,25431.47,277.4707,0
24415.0,24733.021,318.02148,0
24156.0,24469.297,313.29688,0
24300.0,24854.365,554.36523,0
24975.0,25932.871,957.8711,0
26130.0,27680.268,1550.2676,1
27211.0,27923.803,712.80273,0
28191.0,28175.238,15.761719,0
28909.0,29131.955,222.95508,0
28811.0,29515.787,704.7871,0
28259.0,28809.277,550.27734,0
27366.0,28002.178,636.17773,0
26864.0,26957.303,93.302734,0
25667.0,26595.623,928.62305,0
25709.0,25389.85,319.1504,0
27226.0,27623.475,397.4746,0
29990.0,30186.234,196.23438,0
30362.0,29945.365,416.63477,0
30510.0,29870.424,639.5762,0
30692.0,29955.916,736.084,0
30230.0,29658.137,571.8633,0
28868.0,28333.326,534.6738,0
26833.0,26549.12,283.88086,0
25144.0,24877.66,266.33984,0
24246.0,24181.08,64.91992,0
23839.0,23990.082,151.08203,0
23820.0,24078.629,258.6289,0
24564.0,24696.104,132.10352,0
26255.0,26552.89,297.89062,0
28981.0,29453.621,472.6211,0
31268.0,30863.777,404.22266,0
32455.0,31866.32,588.6797,0
33188.0,32727.621,460.3789,0
33274.0,33318.75,44.75,0
33192.0,33016.848,175.15234,0
32620.0,32849.0,229.0,0
32088.0,32183.39,95.390625,0
31577.0,31693.457,116.45703,0
31453.0,31543.762,90.76172,0
33083.0,32885.54,197.46094,0
37104.0,35983.42,1120.5781,1
37531.0,37264.297,266.70312,0
37000.0,36948.652,51.347656,0
36376.0,36364.582,11.417969,0
35099.0,35161.023,62.023438,0
32732.0,32706.75,25.25,0
30328.0,29748.521,579.4785,0
28332.0,27985.428,346.57227,0
27329.0,27121.055,207.94531,0
26986.0,26769.31,216.68945,0
27009.0,26916.32,92.67969,0
27555.0,27595.574,40.57422,0
29332.0,29265.352,66.64844,0
32132.0,32418.328,286.32812,0
33888.0,34079.773,191.77344,0
34827.0,34133.883,693.1172,0
34997.0,35081.066,84.06641,0
35021.0,34952.082,68.91797,0
34786.0,34637.664,148.33594,0
34341.0,34389.254,48.253906,0
34121.0,33943.93,177.07031,0
33726.0,33876.215,150.21484,0
33546.0,33727.32,181.32031,0
34757.0,34661.086,95.91406,0
38391.0,37384.742,1006.2578,1
38743.0,38878.316,135.3164,0
37919.0,38019.383,100.38281,0
37161.0,37175.305,14.3046875,0
35743.0,35995.547,252.54688,0
33252.0,33416.008,164.00781,0
30659.0,30212.162,446.8379,0
28511.0,28130.447,380.55273,0
27574.0,27153.074,420.92578,0
27139.0,26960.273,178.72656,0
27198.0,26997.871,200.1289,0
27772.0,27747.617,24.382812,0
29414.0,29445.48,31.480469,0
32066.0,32312.406,246.40625,0
33942.0,33884.113,57.88672,0
34705.0,34317.465,387.53516,0
35134.0,34857.75,276.25,0
35049.0,35109.61,60.609375,0
34415.0,34644.75,229.75,0
33481.0,33773.84,292.83984,0
32985.0,32754.973,230.02734,0
32639.0,32521.98,117.01953,0
32490.0,32681.943,191.94336,0
33859.0,33720.48,138.51953,0
36840.0,36616.734,223.26562,0
36773.0,36929.344,156.34375,0
35941.0,35930.04,10.9609375,0
35138.0,35170.53,32.53125,0
33979.0,33959.47,19.53125,0
32054.0,31851.389,202.61133,0
29997.0,29419.83,577.1699,0
27925.0,27683.266,241.73438,0
26721.0,26432.414,288.58594,0
26111.0,25769.709,341.29102,0
25832.0,25660.914,171.08594,0
25867.0,25873.88,6.8808594,0
26404.0,26380.117,23.882812,0
27381.0,27333.729,47.271484,0
28609.0,28581.38,27.61914,0
30073.0,29969.436,103.56445,0
31518.0,31058.354,459.64648,0
31890.0,31739.424,150.57617,0
31296.0,31530.246,234.2461,0
30422.0,30527.656,105.65625,0
29566.0,29540.24,25.759766,0
29046.0,28824.936,221.06445,0
29101.0,28983.488,117.51172,0
30710.0,30568.01,141.99023,0
34092.0,33374.246,717.7539,0
34788.0,34227.676,560.3242,0
34604.0,34215.25,388.75,0
34216.0,33888.63,327.3711,0
33411.0,33031.977,379.02344,0
32058.0,31456.59,601.41016,0
30080.0,29697.686,382.31445,0
28326.0,27891.098,434.90234,0
27362.0,26840.64,521.3594,0
27108.0,26473.69,634.31055,0
26865.0,26720.797,144.20312,0
26808.0,26851.52,43.51953,0
27352.0,27151.518,200.48242,0
28403.0,28156.59,246.41016,0
29305.0,29551.496,246.4961,0
30329.0,30400.967,71.9668,0
31206.0,30992.412,213.58789,0
31460.0,31207.838,252.16211,0
31384.0,31138.846,245.1543,0
31058.0,30969.6,88.40039,0
30583.0,30567.186,15.814453,0
30150.0,30126.436,23.564453,0
30235.0,30119.916,115.083984,0
31981.0,31571.158,409.8418,0
35848.0,34683.832,1164.168,1
36532.0,36220.742,311.2578,0
36353.0,35843.37,509.6289,0
35974.0,35598.227,375.77344,0
34979.0,34841.574,137.42578,0
33331.0,32975.46,355.53906,0
31014.0,30830.037,183.96289,0
29001.0,28798.229,202.77148,0
28138.0,27632.793,505.20703,0
27830.0,27639.408,190.5918,0
27874.0,27832.81,41.189453,0
28427.0,28441.453,14.453125,0
29688.0,30055.39,367.39062,0
31942.0,32294.072,352.07227,0
33380.0,34038.156,658.15625,0
34339.0,34023.684,315.3164,0
34757.0,35042.773,285.77344,0
34970.0,35068.11,98.109375,0
34428.0,34836.477,408.47656,0
33642.0,34018.992,376.9922,0
32719.0,33111.664,392.66406,0
31941.0,32168.723,227.72266,0
31759.0,31859.318,100.31836,0
33587.0,33314.035,272.96484,0
37568.0,36761.957,806.04297,0
37570.0,37766.133,196.13281,0
36392.0,36967.64,575.6406,0
35082.0,35667.332,585.33203,0
33890.0,33562.312,327.6875,0
32590.0,31262.004,1327.9961,1
31569.0,29819.924,1749.0762,1
